27-Sep-2024 09:38:37.491 INFO [main] org.apache.catalina.core.ApplicationContext.log SessionListener: contextDestroyed()
27-Sep-2024 09:38:37.491 INFO [main] org.apache.catalina.core.ApplicationContext.log ContextListener: contextDestroyed()
27-Sep-2024 09:39:05.051 INFO [main] org.apache.catalina.core.ApplicationContext.log ContextListener: contextInitialized()
27-Sep-2024 09:39:05.051 INFO [main] org.apache.catalina.core.ApplicationContext.log SessionListener: contextInitialized()
27-Sep-2024 09:39:05.052 INFO [main] org.apache.catalina.core.ApplicationContext.log ContextListener: attributeAdded('StockTicker', 'async.Stockticker@5536379e')
27-Sep-2024 09:39:44.803 INFO [main] org.apache.catalina.core.ApplicationContext.log SessionListener: contextDestroyed()
27-Sep-2024 09:39:44.803 INFO [main] org.apache.catalina.core.ApplicationContext.log ContextListener: contextDestroyed()
27-Sep-2024 10:02:26.536 INFO [main] org.apache.catalina.core.ApplicationContext.log ContextListener: contextInitialized()
27-Sep-2024 10:02:26.536 INFO [main] org.apache.catalina.core.ApplicationContext.log SessionListener: contextInitialized()
27-Sep-2024 10:02:26.537 INFO [main] org.apache.catalina.core.ApplicationContext.log ContextListener: attributeAdded('StockTicker', 'async.Stockticker@277f7dd3')
27-Sep-2024 10:02:55.140 INFO [main] org.apache.catalina.core.ApplicationContext.log SessionListener: contextDestroyed()
27-Sep-2024 10:02:55.140 INFO [main] org.apache.catalina.core.ApplicationContext.log ContextListener: contextDestroyed()
27-Sep-2024 10:19:59.268 INFO [main] org.apache.catalina.core.ApplicationContext.log ContextListener: contextInitialized()
27-Sep-2024 10:19:59.268 INFO [main] org.apache.catalina.core.ApplicationContext.log SessionListener: contextInitialized()
27-Sep-2024 10:19:59.275 INFO [main] org.apache.catalina.core.ApplicationContext.log ContextListener: attributeAdded('StockTicker', 'async.Stockticker@165b2f7f')
27-Sep-2024 10:21:49.422 SEVERE [Catalina-utility-1] org.apache.catalina.core.StandardContext.listenerStart Error configuring application listener of class [listeners.ContextListener]
	java.lang.ClassNotFoundException: listeners.ContextListener
		at org.apache.catalina.loader.WebappClassLoaderBase.loadClass(WebappClassLoaderBase.java:1332)
		at org.apache.catalina.loader.WebappClassLoaderBase.loadClass(WebappClassLoaderBase.java:1144)
		at org.apache.catalina.core.DefaultInstanceManager.loadClass(DefaultInstanceManager.java:491)
		at org.apache.catalina.core.DefaultInstanceManager.loadClassMaybePrivileged(DefaultInstanceManager.java:473)
		at org.apache.catalina.core.DefaultInstanceManager.newInstance(DefaultInstanceManager.java:143)
		at org.apache.catalina.core.StandardContext.listenerStart(StandardContext.java:3922)
		at org.apache.catalina.core.StandardContext.startInternal(StandardContext.java:4422)
		at org.apache.catalina.util.LifecycleBase.start(LifecycleBase.java:164)
		at org.apache.catalina.core.StandardContext.reload(StandardContext.java:3207)
		at org.apache.catalina.startup.HostConfig.reload(HostConfig.java:1460)
		at org.apache.catalina.startup.HostConfig.checkResources(HostConfig.java:1435)
		at org.apache.catalina.startup.HostConfig.check(HostConfig.java:1665)
		at org.apache.catalina.startup.HostConfig.lifecycleEvent(HostConfig.java:299)
		at org.apache.catalina.util.LifecycleBase.fireLifecycleEvent(LifecycleBase.java:109)
		at org.apache.catalina.core.ContainerBase.backgroundProcess(ContainerBase.java:973)
		at org.apache.catalina.core.ContainerBase$ContainerBackgroundProcessor.processChildren(ContainerBase.java:1172)
		at org.apache.catalina.core.ContainerBase$ContainerBackgroundProcessor.processChildren(ContainerBase.java:1176)
		at org.apache.catalina.core.ContainerBase$ContainerBackgroundProcessor.run(ContainerBase.java:1154)
		at java.base/java.util.concurrent.Executors$RunnableAdapter.call(Executors.java:572)
		at java.base/java.util.concurrent.FutureTask.runAndReset(FutureTask.java:358)
		at java.base/java.util.concurrent.ScheduledThreadPoolExecutor$ScheduledFutureTask.run(ScheduledThreadPoolExecutor.java:305)
		at java.base/java.util.concurrent.ThreadPoolExecutor.runWorker(ThreadPoolExecutor.java:1144)
		at java.base/java.util.concurrent.ThreadPoolExecutor$Worker.run(ThreadPoolExecutor.java:642)
		at org.apache.tomcat.util.threads.TaskThread$WrappingRunnable.run(TaskThread.java:63)
		at java.base/java.lang.Thread.run(Thread.java:1583)
27-Sep-2024 10:21:49.422 SEVERE [Catalina-utility-1] org.apache.catalina.core.StandardContext.listenerStart Error configuring application listener of class [listeners.SessionListener]
	java.lang.ClassNotFoundException: listeners.SessionListener
		at org.apache.catalina.loader.WebappClassLoaderBase.loadClass(WebappClassLoaderBase.java:1332)
		at org.apache.catalina.loader.WebappClassLoaderBase.loadClass(WebappClassLoaderBase.java:1144)
		at org.apache.catalina.core.DefaultInstanceManager.loadClass(DefaultInstanceManager.java:491)
		at org.apache.catalina.core.DefaultInstanceManager.loadClassMaybePrivileged(DefaultInstanceManager.java:473)
		at org.apache.catalina.core.DefaultInstanceManager.newInstance(DefaultInstanceManager.java:143)
		at org.apache.catalina.core.StandardContext.listenerStart(StandardContext.java:3922)
		at org.apache.catalina.core.StandardContext.startInternal(StandardContext.java:4422)
		at org.apache.catalina.util.LifecycleBase.start(LifecycleBase.java:164)
		at org.apache.catalina.core.StandardContext.reload(StandardContext.java:3207)
		at org.apache.catalina.startup.HostConfig.reload(HostConfig.java:1460)
		at org.apache.catalina.startup.HostConfig.checkResources(HostConfig.java:1435)
		at org.apache.catalina.startup.HostConfig.check(HostConfig.java:1665)
		at org.apache.catalina.startup.HostConfig.lifecycleEvent(HostConfig.java:299)
		at org.apache.catalina.util.LifecycleBase.fireLifecycleEvent(LifecycleBase.java:109)
		at org.apache.catalina.core.ContainerBase.backgroundProcess(ContainerBase.java:973)
		at org.apache.catalina.core.ContainerBase$ContainerBackgroundProcessor.processChildren(ContainerBase.java:1172)
		at org.apache.catalina.core.ContainerBase$ContainerBackgroundProcessor.processChildren(ContainerBase.java:1176)
		at org.apache.catalina.core.ContainerBase$ContainerBackgroundProcessor.run(ContainerBase.java:1154)
		at java.base/java.util.concurrent.Executors$RunnableAdapter.call(Executors.java:572)
		at java.base/java.util.concurrent.FutureTask.runAndReset(FutureTask.java:358)
		at java.base/java.util.concurrent.ScheduledThreadPoolExecutor$ScheduledFutureTask.run(ScheduledThreadPoolExecutor.java:305)
		at java.base/java.util.concurrent.ThreadPoolExecutor.runWorker(ThreadPoolExecutor.java:1144)
		at java.base/java.util.concurrent.ThreadPoolExecutor$Worker.run(ThreadPoolExecutor.java:642)
		at org.apache.tomcat.util.threads.TaskThread$WrappingRunnable.run(TaskThread.java:63)
		at java.base/java.lang.Thread.run(Thread.java:1583)
27-Sep-2024 10:21:49.422 SEVERE [Catalina-utility-1] org.apache.catalina.core.StandardContext.listenerStart Error configuring application listener of class [async.AsyncStockContextListener]
	java.lang.ClassNotFoundException: async.AsyncStockContextListener
		at org.apache.catalina.loader.WebappClassLoaderBase.loadClass(WebappClassLoaderBase.java:1332)
		at org.apache.catalina.loader.WebappClassLoaderBase.loadClass(WebappClassLoaderBase.java:1144)
		at org.apache.catalina.core.DefaultInstanceManager.loadClass(DefaultInstanceManager.java:491)
		at org.apache.catalina.core.DefaultInstanceManager.loadClassMaybePrivileged(DefaultInstanceManager.java:473)
		at org.apache.catalina.core.DefaultInstanceManager.newInstance(DefaultInstanceManager.java:143)
		at org.apache.catalina.core.StandardContext.listenerStart(StandardContext.java:3922)
		at org.apache.catalina.core.StandardContext.startInternal(StandardContext.java:4422)
		at org.apache.catalina.util.LifecycleBase.start(LifecycleBase.java:164)
		at org.apache.catalina.core.StandardContext.reload(StandardContext.java:3207)
		at org.apache.catalina.startup.HostConfig.reload(HostConfig.java:1460)
		at org.apache.catalina.startup.HostConfig.checkResources(HostConfig.java:1435)
		at org.apache.catalina.startup.HostConfig.check(HostConfig.java:1665)
		at org.apache.catalina.startup.HostConfig.lifecycleEvent(HostConfig.java:299)
		at org.apache.catalina.util.LifecycleBase.fireLifecycleEvent(LifecycleBase.java:109)
		at org.apache.catalina.core.ContainerBase.backgroundProcess(ContainerBase.java:973)
		at org.apache.catalina.core.ContainerBase$ContainerBackgroundProcessor.processChildren(ContainerBase.java:1172)
		at org.apache.catalina.core.ContainerBase$ContainerBackgroundProcessor.processChildren(ContainerBase.java:1176)
		at org.apache.catalina.core.ContainerBase$ContainerBackgroundProcessor.run(ContainerBase.java:1154)
		at java.base/java.util.concurrent.Executors$RunnableAdapter.call(Executors.java:572)
		at java.base/java.util.concurrent.FutureTask.runAndReset(FutureTask.java:358)
		at java.base/java.util.concurrent.ScheduledThreadPoolExecutor$ScheduledFutureTask.run(ScheduledThreadPoolExecutor.java:305)
		at java.base/java.util.concurrent.ThreadPoolExecutor.runWorker(ThreadPoolExecutor.java:1144)
		at java.base/java.util.concurrent.ThreadPoolExecutor$Worker.run(ThreadPoolExecutor.java:642)
		at org.apache.tomcat.util.threads.TaskThread$WrappingRunnable.run(TaskThread.java:63)
		at java.base/java.lang.Thread.run(Thread.java:1583)
27-Sep-2024 10:21:49.422 SEVERE [Catalina-utility-1] org.apache.catalina.core.StandardContext.listenerStart Error configuring application listener of class [websocket.drawboard.DrawboardContextListener]
	java.lang.ClassNotFoundException: websocket.drawboard.DrawboardContextListener
		at org.apache.catalina.loader.WebappClassLoaderBase.loadClass(WebappClassLoaderBase.java:1332)
		at org.apache.catalina.loader.WebappClassLoaderBase.loadClass(WebappClassLoaderBase.java:1144)
		at org.apache.catalina.core.DefaultInstanceManager.loadClass(DefaultInstanceManager.java:491)
		at org.apache.catalina.core.DefaultInstanceManager.loadClassMaybePrivileged(DefaultInstanceManager.java:473)
		at org.apache.catalina.core.DefaultInstanceManager.newInstance(DefaultInstanceManager.java:143)
		at org.apache.catalina.core.StandardContext.listenerStart(StandardContext.java:3922)
		at org.apache.catalina.core.StandardContext.startInternal(StandardContext.java:4422)
		at org.apache.catalina.util.LifecycleBase.start(LifecycleBase.java:164)
		at org.apache.catalina.core.StandardContext.reload(StandardContext.java:3207)
		at org.apache.catalina.startup.HostConfig.reload(HostConfig.java:1460)
		at org.apache.catalina.startup.HostConfig.checkResources(HostConfig.java:1435)
		at org.apache.catalina.startup.HostConfig.check(HostConfig.java:1665)
		at org.apache.catalina.startup.HostConfig.lifecycleEvent(HostConfig.java:299)
		at org.apache.catalina.util.LifecycleBase.fireLifecycleEvent(LifecycleBase.java:109)
		at org.apache.catalina.core.ContainerBase.backgroundProcess(ContainerBase.java:973)
		at org.apache.catalina.core.ContainerBase$ContainerBackgroundProcessor.processChildren(ContainerBase.java:1172)
		at org.apache.catalina.core.ContainerBase$ContainerBackgroundProcessor.processChildren(ContainerBase.java:1176)
		at org.apache.catalina.core.ContainerBase$ContainerBackgroundProcessor.run(ContainerBase.java:1154)
		at java.base/java.util.concurrent.Executors$RunnableAdapter.call(Executors.java:572)
		at java.base/java.util.concurrent.FutureTask.runAndReset(FutureTask.java:358)
		at java.base/java.util.concurrent.ScheduledThreadPoolExecutor$ScheduledFutureTask.run(ScheduledThreadPoolExecutor.java:305)
		at java.base/java.util.concurrent.ThreadPoolExecutor.runWorker(ThreadPoolExecutor.java:1144)
		at java.base/java.util.concurrent.ThreadPoolExecutor$Worker.run(ThreadPoolExecutor.java:642)
		at org.apache.tomcat.util.threads.TaskThread$WrappingRunnable.run(TaskThread.java:63)
		at java.base/java.lang.Thread.run(Thread.java:1583)
27-Sep-2024 10:21:49.422 SEVERE [Catalina-utility-1] org.apache.catalina.core.StandardContext.listenerStart Skipped installing application listeners due to previous error(s)
27-Sep-2024 10:27:35.199 INFO [main] org.apache.catalina.core.ApplicationContext.log ContextListener: contextInitialized()
27-Sep-2024 10:27:35.199 INFO [main] org.apache.catalina.core.ApplicationContext.log SessionListener: contextInitialized()
27-Sep-2024 10:27:35.207 INFO [main] org.apache.catalina.core.ApplicationContext.log ContextListener: attributeAdded('StockTicker', 'async.Stockticker@1433046b')
27-Sep-2024 10:27:35.237 SEVERE [main] org.apache.catalina.core.StandardContext.listenerStart Error configuring application listener of class [listeners.ContextListener]
	java.lang.ClassNotFoundException: listeners.ContextListener
		at org.apache.catalina.loader.WebappClassLoaderBase.loadClass(WebappClassLoaderBase.java:1332)
		at org.apache.catalina.loader.WebappClassLoaderBase.loadClass(WebappClassLoaderBase.java:1144)
		at org.apache.catalina.core.DefaultInstanceManager.loadClass(DefaultInstanceManager.java:491)
		at org.apache.catalina.core.DefaultInstanceManager.loadClassMaybePrivileged(DefaultInstanceManager.java:473)
		at org.apache.catalina.core.DefaultInstanceManager.newInstance(DefaultInstanceManager.java:143)
		at org.apache.catalina.core.StandardContext.listenerStart(StandardContext.java:3922)
		at org.apache.catalina.core.StandardContext.startInternal(StandardContext.java:4422)
		at org.apache.catalina.util.LifecycleBase.start(LifecycleBase.java:164)
		at org.apache.catalina.core.ContainerBase.addChildInternal(ContainerBase.java:599)
		at org.apache.catalina.core.ContainerBase.addChild(ContainerBase.java:571)
		at org.apache.catalina.core.StandardHost.addChild(StandardHost.java:654)
		at org.apache.catalina.startup.HostConfig.deployDirectory(HostConfig.java:1130)
		at org.apache.catalina.startup.HostConfig$DeployDirectory.run(HostConfig.java:1933)
		at java.base/java.util.concurrent.Executors$RunnableAdapter.call(Executors.java:572)
		at java.base/java.util.concurrent.FutureTask.run(FutureTask.java:317)
		at org.apache.tomcat.util.threads.InlineExecutorService.execute(InlineExecutorService.java:75)
		at java.base/java.util.concurrent.AbstractExecutorService.submit(AbstractExecutorService.java:123)
		at org.apache.catalina.startup.HostConfig.deployDirectories(HostConfig.java:1041)
		at org.apache.catalina.startup.HostConfig.deployApps(HostConfig.java:425)
		at org.apache.catalina.startup.HostConfig.start(HostConfig.java:1629)
		at org.apache.catalina.startup.HostConfig.lifecycleEvent(HostConfig.java:303)
		at org.apache.catalina.util.LifecycleBase.fireLifecycleEvent(LifecycleBase.java:109)
		at org.apache.catalina.util.LifecycleBase.setStateInternal(LifecycleBase.java:385)
		at org.apache.catalina.util.LifecycleBase.setState(LifecycleBase.java:332)
		at org.apache.catalina.core.ContainerBase.startInternal(ContainerBase.java:776)
		at org.apache.catalina.core.StandardHost.startInternal(StandardHost.java:772)
		at org.apache.catalina.util.LifecycleBase.start(LifecycleBase.java:164)
		at org.apache.catalina.core.ContainerBase$StartChild.call(ContainerBase.java:1203)
		at org.apache.catalina.core.ContainerBase$StartChild.call(ContainerBase.java:1193)
		at java.base/java.util.concurrent.FutureTask.run(FutureTask.java:317)
		at org.apache.tomcat.util.threads.InlineExecutorService.execute(InlineExecutorService.java:75)
		at java.base/java.util.concurrent.AbstractExecutorService.submit(AbstractExecutorService.java:145)
		at org.apache.catalina.core.ContainerBase.startInternal(ContainerBase.java:749)
		at org.apache.catalina.core.StandardEngine.startInternal(StandardEngine.java:203)
		at org.apache.catalina.util.LifecycleBase.start(LifecycleBase.java:164)
		at org.apache.catalina.core.StandardService.startInternal(StandardService.java:415)
		at org.apache.catalina.util.LifecycleBase.start(LifecycleBase.java:164)
		at org.apache.catalina.core.StandardServer.startInternal(StandardServer.java:870)
		at org.apache.catalina.util.LifecycleBase.start(LifecycleBase.java:164)
		at org.apache.catalina.startup.Catalina.start(Catalina.java:757)
		at java.base/jdk.internal.reflect.DirectMethodHandleAccessor.invoke(DirectMethodHandleAccessor.java:103)
		at java.base/java.lang.reflect.Method.invoke(Method.java:580)
		at org.apache.catalina.startup.Bootstrap.start(Bootstrap.java:345)
		at org.apache.catalina.startup.Bootstrap.main(Bootstrap.java:473)
27-Sep-2024 10:27:35.238 SEVERE [main] org.apache.catalina.core.StandardContext.listenerStart Error configuring application listener of class [listeners.SessionListener]
	java.lang.ClassNotFoundException: listeners.SessionListener
		at org.apache.catalina.loader.WebappClassLoaderBase.loadClass(WebappClassLoaderBase.java:1332)
		at org.apache.catalina.loader.WebappClassLoaderBase.loadClass(WebappClassLoaderBase.java:1144)
		at org.apache.catalina.core.DefaultInstanceManager.loadClass(DefaultInstanceManager.java:491)
		at org.apache.catalina.core.DefaultInstanceManager.loadClassMaybePrivileged(DefaultInstanceManager.java:473)
		at org.apache.catalina.core.DefaultInstanceManager.newInstance(DefaultInstanceManager.java:143)
		at org.apache.catalina.core.StandardContext.listenerStart(StandardContext.java:3922)
		at org.apache.catalina.core.StandardContext.startInternal(StandardContext.java:4422)
		at org.apache.catalina.util.LifecycleBase.start(LifecycleBase.java:164)
		at org.apache.catalina.core.ContainerBase.addChildInternal(ContainerBase.java:599)
		at org.apache.catalina.core.ContainerBase.addChild(ContainerBase.java:571)
		at org.apache.catalina.core.StandardHost.addChild(StandardHost.java:654)
		at org.apache.catalina.startup.HostConfig.deployDirectory(HostConfig.java:1130)
		at org.apache.catalina.startup.HostConfig$DeployDirectory.run(HostConfig.java:1933)
		at java.base/java.util.concurrent.Executors$RunnableAdapter.call(Executors.java:572)
		at java.base/java.util.concurrent.FutureTask.run(FutureTask.java:317)
		at org.apache.tomcat.util.threads.InlineExecutorService.execute(InlineExecutorService.java:75)
		at java.base/java.util.concurrent.AbstractExecutorService.submit(AbstractExecutorService.java:123)
		at org.apache.catalina.startup.HostConfig.deployDirectories(HostConfig.java:1041)
		at org.apache.catalina.startup.HostConfig.deployApps(HostConfig.java:425)
		at org.apache.catalina.startup.HostConfig.start(HostConfig.java:1629)
		at org.apache.catalina.startup.HostConfig.lifecycleEvent(HostConfig.java:303)
		at org.apache.catalina.util.LifecycleBase.fireLifecycleEvent(LifecycleBase.java:109)
		at org.apache.catalina.util.LifecycleBase.setStateInternal(LifecycleBase.java:385)
		at org.apache.catalina.util.LifecycleBase.setState(LifecycleBase.java:332)
		at org.apache.catalina.core.ContainerBase.startInternal(ContainerBase.java:776)
		at org.apache.catalina.core.StandardHost.startInternal(StandardHost.java:772)
		at org.apache.catalina.util.LifecycleBase.start(LifecycleBase.java:164)
		at org.apache.catalina.core.ContainerBase$StartChild.call(ContainerBase.java:1203)
		at org.apache.catalina.core.ContainerBase$StartChild.call(ContainerBase.java:1193)
		at java.base/java.util.concurrent.FutureTask.run(FutureTask.java:317)
		at org.apache.tomcat.util.threads.InlineExecutorService.execute(InlineExecutorService.java:75)
		at java.base/java.util.concurrent.AbstractExecutorService.submit(AbstractExecutorService.java:145)
		at org.apache.catalina.core.ContainerBase.startInternal(ContainerBase.java:749)
		at org.apache.catalina.core.StandardEngine.startInternal(StandardEngine.java:203)
		at org.apache.catalina.util.LifecycleBase.start(LifecycleBase.java:164)
		at org.apache.catalina.core.StandardService.startInternal(StandardService.java:415)
		at org.apache.catalina.util.LifecycleBase.start(LifecycleBase.java:164)
		at org.apache.catalina.core.StandardServer.startInternal(StandardServer.java:870)
		at org.apache.catalina.util.LifecycleBase.start(LifecycleBase.java:164)
		at org.apache.catalina.startup.Catalina.start(Catalina.java:757)
		at java.base/jdk.internal.reflect.DirectMethodHandleAccessor.invoke(DirectMethodHandleAccessor.java:103)
		at java.base/java.lang.reflect.Method.invoke(Method.java:580)
		at org.apache.catalina.startup.Bootstrap.start(Bootstrap.java:345)
		at org.apache.catalina.startup.Bootstrap.main(Bootstrap.java:473)
27-Sep-2024 10:27:35.238 SEVERE [main] org.apache.catalina.core.StandardContext.listenerStart Error configuring application listener of class [async.AsyncStockContextListener]
	java.lang.ClassNotFoundException: async.AsyncStockContextListener
		at org.apache.catalina.loader.WebappClassLoaderBase.loadClass(WebappClassLoaderBase.java:1332)
		at org.apache.catalina.loader.WebappClassLoaderBase.loadClass(WebappClassLoaderBase.java:1144)
		at org.apache.catalina.core.DefaultInstanceManager.loadClass(DefaultInstanceManager.java:491)
		at org.apache.catalina.core.DefaultInstanceManager.loadClassMaybePrivileged(DefaultInstanceManager.java:473)
		at org.apache.catalina.core.DefaultInstanceManager.newInstance(DefaultInstanceManager.java:143)
		at org.apache.catalina.core.StandardContext.listenerStart(StandardContext.java:3922)
		at org.apache.catalina.core.StandardContext.startInternal(StandardContext.java:4422)
		at org.apache.catalina.util.LifecycleBase.start(LifecycleBase.java:164)
		at org.apache.catalina.core.ContainerBase.addChildInternal(ContainerBase.java:599)
		at org.apache.catalina.core.ContainerBase.addChild(ContainerBase.java:571)
		at org.apache.catalina.core.StandardHost.addChild(StandardHost.java:654)
		at org.apache.catalina.startup.HostConfig.deployDirectory(HostConfig.java:1130)
		at org.apache.catalina.startup.HostConfig$DeployDirectory.run(HostConfig.java:1933)
		at java.base/java.util.concurrent.Executors$RunnableAdapter.call(Executors.java:572)
		at java.base/java.util.concurrent.FutureTask.run(FutureTask.java:317)
		at org.apache.tomcat.util.threads.InlineExecutorService.execute(InlineExecutorService.java:75)
		at java.base/java.util.concurrent.AbstractExecutorService.submit(AbstractExecutorService.java:123)
		at org.apache.catalina.startup.HostConfig.deployDirectories(HostConfig.java:1041)
		at org.apache.catalina.startup.HostConfig.deployApps(HostConfig.java:425)
		at org.apache.catalina.startup.HostConfig.start(HostConfig.java:1629)
		at org.apache.catalina.startup.HostConfig.lifecycleEvent(HostConfig.java:303)
		at org.apache.catalina.util.LifecycleBase.fireLifecycleEvent(LifecycleBase.java:109)
		at org.apache.catalina.util.LifecycleBase.setStateInternal(LifecycleBase.java:385)
		at org.apache.catalina.util.LifecycleBase.setState(LifecycleBase.java:332)
		at org.apache.catalina.core.ContainerBase.startInternal(ContainerBase.java:776)
		at org.apache.catalina.core.StandardHost.startInternal(StandardHost.java:772)
		at org.apache.catalina.util.LifecycleBase.start(LifecycleBase.java:164)
		at org.apache.catalina.core.ContainerBase$StartChild.call(ContainerBase.java:1203)
		at org.apache.catalina.core.ContainerBase$StartChild.call(ContainerBase.java:1193)
		at java.base/java.util.concurrent.FutureTask.run(FutureTask.java:317)
		at org.apache.tomcat.util.threads.InlineExecutorService.execute(InlineExecutorService.java:75)
		at java.base/java.util.concurrent.AbstractExecutorService.submit(AbstractExecutorService.java:145)
		at org.apache.catalina.core.ContainerBase.startInternal(ContainerBase.java:749)
		at org.apache.catalina.core.StandardEngine.startInternal(StandardEngine.java:203)
		at org.apache.catalina.util.LifecycleBase.start(LifecycleBase.java:164)
		at org.apache.catalina.core.StandardService.startInternal(StandardService.java:415)
		at org.apache.catalina.util.LifecycleBase.start(LifecycleBase.java:164)
		at org.apache.catalina.core.StandardServer.startInternal(StandardServer.java:870)
		at org.apache.catalina.util.LifecycleBase.start(LifecycleBase.java:164)
		at org.apache.catalina.startup.Catalina.start(Catalina.java:757)
		at java.base/jdk.internal.reflect.DirectMethodHandleAccessor.invoke(DirectMethodHandleAccessor.java:103)
		at java.base/java.lang.reflect.Method.invoke(Method.java:580)
		at org.apache.catalina.startup.Bootstrap.start(Bootstrap.java:345)
		at org.apache.catalina.startup.Bootstrap.main(Bootstrap.java:473)
27-Sep-2024 10:27:35.238 SEVERE [main] org.apache.catalina.core.StandardContext.listenerStart Error configuring application listener of class [websocket.drawboard.DrawboardContextListener]
	java.lang.ClassNotFoundException: websocket.drawboard.DrawboardContextListener
		at org.apache.catalina.loader.WebappClassLoaderBase.loadClass(WebappClassLoaderBase.java:1332)
		at org.apache.catalina.loader.WebappClassLoaderBase.loadClass(WebappClassLoaderBase.java:1144)
		at org.apache.catalina.core.DefaultInstanceManager.loadClass(DefaultInstanceManager.java:491)
		at org.apache.catalina.core.DefaultInstanceManager.loadClassMaybePrivileged(DefaultInstanceManager.java:473)
		at org.apache.catalina.core.DefaultInstanceManager.newInstance(DefaultInstanceManager.java:143)
		at org.apache.catalina.core.StandardContext.listenerStart(StandardContext.java:3922)
		at org.apache.catalina.core.StandardContext.startInternal(StandardContext.java:4422)
		at org.apache.catalina.util.LifecycleBase.start(LifecycleBase.java:164)
		at org.apache.catalina.core.ContainerBase.addChildInternal(ContainerBase.java:599)
		at org.apache.catalina.core.ContainerBase.addChild(ContainerBase.java:571)
		at org.apache.catalina.core.StandardHost.addChild(StandardHost.java:654)
		at org.apache.catalina.startup.HostConfig.deployDirectory(HostConfig.java:1130)
		at org.apache.catalina.startup.HostConfig$DeployDirectory.run(HostConfig.java:1933)
		at java.base/java.util.concurrent.Executors$RunnableAdapter.call(Executors.java:572)
		at java.base/java.util.concurrent.FutureTask.run(FutureTask.java:317)
		at org.apache.tomcat.util.threads.InlineExecutorService.execute(InlineExecutorService.java:75)
		at java.base/java.util.concurrent.AbstractExecutorService.submit(AbstractExecutorService.java:123)
		at org.apache.catalina.startup.HostConfig.deployDirectories(HostConfig.java:1041)
		at org.apache.catalina.startup.HostConfig.deployApps(HostConfig.java:425)
		at org.apache.catalina.startup.HostConfig.start(HostConfig.java:1629)
		at org.apache.catalina.startup.HostConfig.lifecycleEvent(HostConfig.java:303)
		at org.apache.catalina.util.LifecycleBase.fireLifecycleEvent(LifecycleBase.java:109)
		at org.apache.catalina.util.LifecycleBase.setStateInternal(LifecycleBase.java:385)
		at org.apache.catalina.util.LifecycleBase.setState(LifecycleBase.java:332)
		at org.apache.catalina.core.ContainerBase.startInternal(ContainerBase.java:776)
		at org.apache.catalina.core.StandardHost.startInternal(StandardHost.java:772)
		at org.apache.catalina.util.LifecycleBase.start(LifecycleBase.java:164)
		at org.apache.catalina.core.ContainerBase$StartChild.call(ContainerBase.java:1203)
		at org.apache.catalina.core.ContainerBase$StartChild.call(ContainerBase.java:1193)
		at java.base/java.util.concurrent.FutureTask.run(FutureTask.java:317)
		at org.apache.tomcat.util.threads.InlineExecutorService.execute(InlineExecutorService.java:75)
		at java.base/java.util.concurrent.AbstractExecutorService.submit(AbstractExecutorService.java:145)
		at org.apache.catalina.core.ContainerBase.startInternal(ContainerBase.java:749)
		at org.apache.catalina.core.StandardEngine.startInternal(StandardEngine.java:203)
		at org.apache.catalina.util.LifecycleBase.start(LifecycleBase.java:164)
		at org.apache.catalina.core.StandardService.startInternal(StandardService.java:415)
		at org.apache.catalina.util.LifecycleBase.start(LifecycleBase.java:164)
		at org.apache.catalina.core.StandardServer.startInternal(StandardServer.java:870)
		at org.apache.catalina.util.LifecycleBase.start(LifecycleBase.java:164)
		at org.apache.catalina.startup.Catalina.start(Catalina.java:757)
		at java.base/jdk.internal.reflect.DirectMethodHandleAccessor.invoke(DirectMethodHandleAccessor.java:103)
		at java.base/java.lang.reflect.Method.invoke(Method.java:580)
		at org.apache.catalina.startup.Bootstrap.start(Bootstrap.java:345)
		at org.apache.catalina.startup.Bootstrap.main(Bootstrap.java:473)
27-Sep-2024 10:27:35.238 SEVERE [main] org.apache.catalina.core.StandardContext.listenerStart Skipped installing application listeners due to previous error(s)
27-Sep-2024 10:27:35.279 INFO [main] org.apache.catalina.core.ApplicationContext.log SessionListener: contextDestroyed()
27-Sep-2024 10:27:35.279 INFO [main] org.apache.catalina.core.ApplicationContext.log ContextListener: contextDestroyed()
27-Sep-2024 10:27:42.863 INFO [main] org.apache.catalina.core.ApplicationContext.log SessionListener: contextDestroyed()
27-Sep-2024 10:27:42.863 INFO [main] org.apache.catalina.core.ApplicationContext.log ContextListener: contextDestroyed()
27-Sep-2024 10:27:46.974 INFO [main] org.apache.catalina.core.ApplicationContext.log ContextListener: contextInitialized()
27-Sep-2024 10:27:46.974 INFO [main] org.apache.catalina.core.ApplicationContext.log SessionListener: contextInitialized()
27-Sep-2024 10:27:46.975 INFO [main] org.apache.catalina.core.ApplicationContext.log ContextListener: attributeAdded('StockTicker', 'async.Stockticker@277f7dd3')
27-Sep-2024 10:27:47.009 SEVERE [main] org.apache.catalina.core.StandardContext.listenerStart Error configuring application listener of class [listeners.ContextListener]
	java.lang.ClassNotFoundException: listeners.ContextListener
		at org.apache.catalina.loader.WebappClassLoaderBase.loadClass(WebappClassLoaderBase.java:1332)
		at org.apache.catalina.loader.WebappClassLoaderBase.loadClass(WebappClassLoaderBase.java:1144)
		at org.apache.catalina.core.DefaultInstanceManager.loadClass(DefaultInstanceManager.java:491)
		at org.apache.catalina.core.DefaultInstanceManager.loadClassMaybePrivileged(DefaultInstanceManager.java:473)
		at org.apache.catalina.core.DefaultInstanceManager.newInstance(DefaultInstanceManager.java:143)
		at org.apache.catalina.core.StandardContext.listenerStart(StandardContext.java:3922)
		at org.apache.catalina.core.StandardContext.startInternal(StandardContext.java:4422)
		at org.apache.catalina.util.LifecycleBase.start(LifecycleBase.java:164)
		at org.apache.catalina.core.ContainerBase.addChildInternal(ContainerBase.java:599)
		at org.apache.catalina.core.ContainerBase.addChild(ContainerBase.java:571)
		at org.apache.catalina.core.StandardHost.addChild(StandardHost.java:654)
		at org.apache.catalina.startup.HostConfig.deployDirectory(HostConfig.java:1130)
		at org.apache.catalina.startup.HostConfig$DeployDirectory.run(HostConfig.java:1933)
		at java.base/java.util.concurrent.Executors$RunnableAdapter.call(Executors.java:572)
		at java.base/java.util.concurrent.FutureTask.run(FutureTask.java:317)
		at org.apache.tomcat.util.threads.InlineExecutorService.execute(InlineExecutorService.java:75)
		at java.base/java.util.concurrent.AbstractExecutorService.submit(AbstractExecutorService.java:123)
		at org.apache.catalina.startup.HostConfig.deployDirectories(HostConfig.java:1041)
		at org.apache.catalina.startup.HostConfig.deployApps(HostConfig.java:425)
		at org.apache.catalina.startup.HostConfig.start(HostConfig.java:1629)
		at org.apache.catalina.startup.HostConfig.lifecycleEvent(HostConfig.java:303)
		at org.apache.catalina.util.LifecycleBase.fireLifecycleEvent(LifecycleBase.java:109)
		at org.apache.catalina.util.LifecycleBase.setStateInternal(LifecycleBase.java:385)
		at org.apache.catalina.util.LifecycleBase.setState(LifecycleBase.java:332)
		at org.apache.catalina.core.ContainerBase.startInternal(ContainerBase.java:776)
		at org.apache.catalina.core.StandardHost.startInternal(StandardHost.java:772)
		at org.apache.catalina.util.LifecycleBase.start(LifecycleBase.java:164)
		at org.apache.catalina.core.ContainerBase$StartChild.call(ContainerBase.java:1203)
		at org.apache.catalina.core.ContainerBase$StartChild.call(ContainerBase.java:1193)
		at java.base/java.util.concurrent.FutureTask.run(FutureTask.java:317)
		at org.apache.tomcat.util.threads.InlineExecutorService.execute(InlineExecutorService.java:75)
		at java.base/java.util.concurrent.AbstractExecutorService.submit(AbstractExecutorService.java:145)
		at org.apache.catalina.core.ContainerBase.startInternal(ContainerBase.java:749)
		at org.apache.catalina.core.StandardEngine.startInternal(StandardEngine.java:203)
		at org.apache.catalina.util.LifecycleBase.start(LifecycleBase.java:164)
		at org.apache.catalina.core.StandardService.startInternal(StandardService.java:415)
		at org.apache.catalina.util.LifecycleBase.start(LifecycleBase.java:164)
		at org.apache.catalina.core.StandardServer.startInternal(StandardServer.java:870)
		at org.apache.catalina.util.LifecycleBase.start(LifecycleBase.java:164)
		at org.apache.catalina.startup.Catalina.start(Catalina.java:757)
		at java.base/jdk.internal.reflect.DirectMethodHandleAccessor.invoke(DirectMethodHandleAccessor.java:103)
		at java.base/java.lang.reflect.Method.invoke(Method.java:580)
		at org.apache.catalina.startup.Bootstrap.start(Bootstrap.java:345)
		at org.apache.catalina.startup.Bootstrap.main(Bootstrap.java:473)
27-Sep-2024 10:27:47.009 SEVERE [main] org.apache.catalina.core.StandardContext.listenerStart Error configuring application listener of class [listeners.SessionListener]
	java.lang.ClassNotFoundException: listeners.SessionListener
		at org.apache.catalina.loader.WebappClassLoaderBase.loadClass(WebappClassLoaderBase.java:1332)
		at org.apache.catalina.loader.WebappClassLoaderBase.loadClass(WebappClassLoaderBase.java:1144)
		at org.apache.catalina.core.DefaultInstanceManager.loadClass(DefaultInstanceManager.java:491)
		at org.apache.catalina.core.DefaultInstanceManager.loadClassMaybePrivileged(DefaultInstanceManager.java:473)
		at org.apache.catalina.core.DefaultInstanceManager.newInstance(DefaultInstanceManager.java:143)
		at org.apache.catalina.core.StandardContext.listenerStart(StandardContext.java:3922)
		at org.apache.catalina.core.StandardContext.startInternal(StandardContext.java:4422)
		at org.apache.catalina.util.LifecycleBase.start(LifecycleBase.java:164)
		at org.apache.catalina.core.ContainerBase.addChildInternal(ContainerBase.java:599)
		at org.apache.catalina.core.ContainerBase.addChild(ContainerBase.java:571)
		at org.apache.catalina.core.StandardHost.addChild(StandardHost.java:654)
		at org.apache.catalina.startup.HostConfig.deployDirectory(HostConfig.java:1130)
		at org.apache.catalina.startup.HostConfig$DeployDirectory.run(HostConfig.java:1933)
		at java.base/java.util.concurrent.Executors$RunnableAdapter.call(Executors.java:572)
		at java.base/java.util.concurrent.FutureTask.run(FutureTask.java:317)
		at org.apache.tomcat.util.threads.InlineExecutorService.execute(InlineExecutorService.java:75)
		at java.base/java.util.concurrent.AbstractExecutorService.submit(AbstractExecutorService.java:123)
		at org.apache.catalina.startup.HostConfig.deployDirectories(HostConfig.java:1041)
		at org.apache.catalina.startup.HostConfig.deployApps(HostConfig.java:425)
		at org.apache.catalina.startup.HostConfig.start(HostConfig.java:1629)
		at org.apache.catalina.startup.HostConfig.lifecycleEvent(HostConfig.java:303)
		at org.apache.catalina.util.LifecycleBase.fireLifecycleEvent(LifecycleBase.java:109)
		at org.apache.catalina.util.LifecycleBase.setStateInternal(LifecycleBase.java:385)
		at org.apache.catalina.util.LifecycleBase.setState(LifecycleBase.java:332)
		at org.apache.catalina.core.ContainerBase.startInternal(ContainerBase.java:776)
		at org.apache.catalina.core.StandardHost.startInternal(StandardHost.java:772)
		at org.apache.catalina.util.LifecycleBase.start(LifecycleBase.java:164)
		at org.apache.catalina.core.ContainerBase$StartChild.call(ContainerBase.java:1203)
		at org.apache.catalina.core.ContainerBase$StartChild.call(ContainerBase.java:1193)
		at java.base/java.util.concurrent.FutureTask.run(FutureTask.java:317)
		at org.apache.tomcat.util.threads.InlineExecutorService.execute(InlineExecutorService.java:75)
		at java.base/java.util.concurrent.AbstractExecutorService.submit(AbstractExecutorService.java:145)
		at org.apache.catalina.core.ContainerBase.startInternal(ContainerBase.java:749)
		at org.apache.catalina.core.StandardEngine.startInternal(StandardEngine.java:203)
		at org.apache.catalina.util.LifecycleBase.start(LifecycleBase.java:164)
		at org.apache.catalina.core.StandardService.startInternal(StandardService.java:415)
		at org.apache.catalina.util.LifecycleBase.start(LifecycleBase.java:164)
		at org.apache.catalina.core.StandardServer.startInternal(StandardServer.java:870)
		at org.apache.catalina.util.LifecycleBase.start(LifecycleBase.java:164)
		at org.apache.catalina.startup.Catalina.start(Catalina.java:757)
		at java.base/jdk.internal.reflect.DirectMethodHandleAccessor.invoke(DirectMethodHandleAccessor.java:103)
		at java.base/java.lang.reflect.Method.invoke(Method.java:580)
		at org.apache.catalina.startup.Bootstrap.start(Bootstrap.java:345)
		at org.apache.catalina.startup.Bootstrap.main(Bootstrap.java:473)
27-Sep-2024 10:27:47.009 SEVERE [main] org.apache.catalina.core.StandardContext.listenerStart Error configuring application listener of class [async.AsyncStockContextListener]
	java.lang.ClassNotFoundException: async.AsyncStockContextListener
		at org.apache.catalina.loader.WebappClassLoaderBase.loadClass(WebappClassLoaderBase.java:1332)
		at org.apache.catalina.loader.WebappClassLoaderBase.loadClass(WebappClassLoaderBase.java:1144)
		at org.apache.catalina.core.DefaultInstanceManager.loadClass(DefaultInstanceManager.java:491)
		at org.apache.catalina.core.DefaultInstanceManager.loadClassMaybePrivileged(DefaultInstanceManager.java:473)
		at org.apache.catalina.core.DefaultInstanceManager.newInstance(DefaultInstanceManager.java:143)
		at org.apache.catalina.core.StandardContext.listenerStart(StandardContext.java:3922)
		at org.apache.catalina.core.StandardContext.startInternal(StandardContext.java:4422)
		at org.apache.catalina.util.LifecycleBase.start(LifecycleBase.java:164)
		at org.apache.catalina.core.ContainerBase.addChildInternal(ContainerBase.java:599)
		at org.apache.catalina.core.ContainerBase.addChild(ContainerBase.java:571)
		at org.apache.catalina.core.StandardHost.addChild(StandardHost.java:654)
		at org.apache.catalina.startup.HostConfig.deployDirectory(HostConfig.java:1130)
		at org.apache.catalina.startup.HostConfig$DeployDirectory.run(HostConfig.java:1933)
		at java.base/java.util.concurrent.Executors$RunnableAdapter.call(Executors.java:572)
		at java.base/java.util.concurrent.FutureTask.run(FutureTask.java:317)
		at org.apache.tomcat.util.threads.InlineExecutorService.execute(InlineExecutorService.java:75)
		at java.base/java.util.concurrent.AbstractExecutorService.submit(AbstractExecutorService.java:123)
		at org.apache.catalina.startup.HostConfig.deployDirectories(HostConfig.java:1041)
		at org.apache.catalina.startup.HostConfig.deployApps(HostConfig.java:425)
		at org.apache.catalina.startup.HostConfig.start(HostConfig.java:1629)
		at org.apache.catalina.startup.HostConfig.lifecycleEvent(HostConfig.java:303)
		at org.apache.catalina.util.LifecycleBase.fireLifecycleEvent(LifecycleBase.java:109)
		at org.apache.catalina.util.LifecycleBase.setStateInternal(LifecycleBase.java:385)
		at org.apache.catalina.util.LifecycleBase.setState(LifecycleBase.java:332)
		at org.apache.catalina.core.ContainerBase.startInternal(ContainerBase.java:776)
		at org.apache.catalina.core.StandardHost.startInternal(StandardHost.java:772)
		at org.apache.catalina.util.LifecycleBase.start(LifecycleBase.java:164)
		at org.apache.catalina.core.ContainerBase$StartChild.call(ContainerBase.java:1203)
		at org.apache.catalina.core.ContainerBase$StartChild.call(ContainerBase.java:1193)
		at java.base/java.util.concurrent.FutureTask.run(FutureTask.java:317)
		at org.apache.tomcat.util.threads.InlineExecutorService.execute(InlineExecutorService.java:75)
		at java.base/java.util.concurrent.AbstractExecutorService.submit(AbstractExecutorService.java:145)
		at org.apache.catalina.core.ContainerBase.startInternal(ContainerBase.java:749)
		at org.apache.catalina.core.StandardEngine.startInternal(StandardEngine.java:203)
		at org.apache.catalina.util.LifecycleBase.start(LifecycleBase.java:164)
		at org.apache.catalina.core.StandardService.startInternal(StandardService.java:415)
		at org.apache.catalina.util.LifecycleBase.start(LifecycleBase.java:164)
		at org.apache.catalina.core.StandardServer.startInternal(StandardServer.java:870)
		at org.apache.catalina.util.LifecycleBase.start(LifecycleBase.java:164)
		at org.apache.catalina.startup.Catalina.start(Catalina.java:757)
		at java.base/jdk.internal.reflect.DirectMethodHandleAccessor.invoke(DirectMethodHandleAccessor.java:103)
		at java.base/java.lang.reflect.Method.invoke(Method.java:580)
		at org.apache.catalina.startup.Bootstrap.start(Bootstrap.java:345)
		at org.apache.catalina.startup.Bootstrap.main(Bootstrap.java:473)
27-Sep-2024 10:27:47.009 SEVERE [main] org.apache.catalina.core.StandardContext.listenerStart Error configuring application listener of class [websocket.drawboard.DrawboardContextListener]
	java.lang.ClassNotFoundException: websocket.drawboard.DrawboardContextListener
		at org.apache.catalina.loader.WebappClassLoaderBase.loadClass(WebappClassLoaderBase.java:1332)
		at org.apache.catalina.loader.WebappClassLoaderBase.loadClass(WebappClassLoaderBase.java:1144)
		at org.apache.catalina.core.DefaultInstanceManager.loadClass(DefaultInstanceManager.java:491)
		at org.apache.catalina.core.DefaultInstanceManager.loadClassMaybePrivileged(DefaultInstanceManager.java:473)
		at org.apache.catalina.core.DefaultInstanceManager.newInstance(DefaultInstanceManager.java:143)
		at org.apache.catalina.core.StandardContext.listenerStart(StandardContext.java:3922)
		at org.apache.catalina.core.StandardContext.startInternal(StandardContext.java:4422)
		at org.apache.catalina.util.LifecycleBase.start(LifecycleBase.java:164)
		at org.apache.catalina.core.ContainerBase.addChildInternal(ContainerBase.java:599)
		at org.apache.catalina.core.ContainerBase.addChild(ContainerBase.java:571)
		at org.apache.catalina.core.StandardHost.addChild(StandardHost.java:654)
		at org.apache.catalina.startup.HostConfig.deployDirectory(HostConfig.java:1130)
		at org.apache.catalina.startup.HostConfig$DeployDirectory.run(HostConfig.java:1933)
		at java.base/java.util.concurrent.Executors$RunnableAdapter.call(Executors.java:572)
		at java.base/java.util.concurrent.FutureTask.run(FutureTask.java:317)
		at org.apache.tomcat.util.threads.InlineExecutorService.execute(InlineExecutorService.java:75)
		at java.base/java.util.concurrent.AbstractExecutorService.submit(AbstractExecutorService.java:123)
		at org.apache.catalina.startup.HostConfig.deployDirectories(HostConfig.java:1041)
		at org.apache.catalina.startup.HostConfig.deployApps(HostConfig.java:425)
		at org.apache.catalina.startup.HostConfig.start(HostConfig.java:1629)
		at org.apache.catalina.startup.HostConfig.lifecycleEvent(HostConfig.java:303)
		at org.apache.catalina.util.LifecycleBase.fireLifecycleEvent(LifecycleBase.java:109)
		at org.apache.catalina.util.LifecycleBase.setStateInternal(LifecycleBase.java:385)
		at org.apache.catalina.util.LifecycleBase.setState(LifecycleBase.java:332)
		at org.apache.catalina.core.ContainerBase.startInternal(ContainerBase.java:776)
		at org.apache.catalina.core.StandardHost.startInternal(StandardHost.java:772)
		at org.apache.catalina.util.LifecycleBase.start(LifecycleBase.java:164)
		at org.apache.catalina.core.ContainerBase$StartChild.call(ContainerBase.java:1203)
		at org.apache.catalina.core.ContainerBase$StartChild.call(ContainerBase.java:1193)
		at java.base/java.util.concurrent.FutureTask.run(FutureTask.java:317)
		at org.apache.tomcat.util.threads.InlineExecutorService.execute(InlineExecutorService.java:75)
		at java.base/java.util.concurrent.AbstractExecutorService.submit(AbstractExecutorService.java:145)
		at org.apache.catalina.core.ContainerBase.startInternal(ContainerBase.java:749)
		at org.apache.catalina.core.StandardEngine.startInternal(StandardEngine.java:203)
		at org.apache.catalina.util.LifecycleBase.start(LifecycleBase.java:164)
		at org.apache.catalina.core.StandardService.startInternal(StandardService.java:415)
		at org.apache.catalina.util.LifecycleBase.start(LifecycleBase.java:164)
		at org.apache.catalina.core.StandardServer.startInternal(StandardServer.java:870)
		at org.apache.catalina.util.LifecycleBase.start(LifecycleBase.java:164)
		at org.apache.catalina.startup.Catalina.start(Catalina.java:757)
		at java.base/jdk.internal.reflect.DirectMethodHandleAccessor.invoke(DirectMethodHandleAccessor.java:103)
		at java.base/java.lang.reflect.Method.invoke(Method.java:580)
		at org.apache.catalina.startup.Bootstrap.start(Bootstrap.java:345)
		at org.apache.catalina.startup.Bootstrap.main(Bootstrap.java:473)
27-Sep-2024 10:27:47.009 SEVERE [main] org.apache.catalina.core.StandardContext.listenerStart Skipped installing application listeners due to previous error(s)
27-Sep-2024 12:26:39.460 INFO [main] org.apache.catalina.core.ApplicationContext.log ContextListener: contextInitialized()
27-Sep-2024 12:26:39.460 INFO [main] org.apache.catalina.core.ApplicationContext.log SessionListener: contextInitialized()
27-Sep-2024 12:26:39.461 INFO [main] org.apache.catalina.core.ApplicationContext.log ContextListener: attributeAdded('StockTicker', 'async.Stockticker@5536379e')
27-Sep-2024 12:26:39.490 SEVERE [main] org.apache.catalina.core.StandardContext.listenerStart Error configuring application listener of class [listeners.ContextListener]
	java.lang.ClassNotFoundException: listeners.ContextListener
		at org.apache.catalina.loader.WebappClassLoaderBase.loadClass(WebappClassLoaderBase.java:1332)
		at org.apache.catalina.loader.WebappClassLoaderBase.loadClass(WebappClassLoaderBase.java:1144)
		at org.apache.catalina.core.DefaultInstanceManager.loadClass(DefaultInstanceManager.java:491)
		at org.apache.catalina.core.DefaultInstanceManager.loadClassMaybePrivileged(DefaultInstanceManager.java:473)
		at org.apache.catalina.core.DefaultInstanceManager.newInstance(DefaultInstanceManager.java:143)
		at org.apache.catalina.core.StandardContext.listenerStart(StandardContext.java:3922)
		at org.apache.catalina.core.StandardContext.startInternal(StandardContext.java:4422)
		at org.apache.catalina.util.LifecycleBase.start(LifecycleBase.java:164)
		at org.apache.catalina.core.ContainerBase.addChildInternal(ContainerBase.java:599)
		at org.apache.catalina.core.ContainerBase.addChild(ContainerBase.java:571)
		at org.apache.catalina.core.StandardHost.addChild(StandardHost.java:654)
		at org.apache.catalina.startup.HostConfig.deployDirectory(HostConfig.java:1130)
		at org.apache.catalina.startup.HostConfig$DeployDirectory.run(HostConfig.java:1933)
		at java.base/java.util.concurrent.Executors$RunnableAdapter.call(Executors.java:572)
		at java.base/java.util.concurrent.FutureTask.run(FutureTask.java:317)
		at org.apache.tomcat.util.threads.InlineExecutorService.execute(InlineExecutorService.java:75)
		at java.base/java.util.concurrent.AbstractExecutorService.submit(AbstractExecutorService.java:123)
		at org.apache.catalina.startup.HostConfig.deployDirectories(HostConfig.java:1041)
		at org.apache.catalina.startup.HostConfig.deployApps(HostConfig.java:425)
		at org.apache.catalina.startup.HostConfig.start(HostConfig.java:1629)
		at org.apache.catalina.startup.HostConfig.lifecycleEvent(HostConfig.java:303)
		at org.apache.catalina.util.LifecycleBase.fireLifecycleEvent(LifecycleBase.java:109)
		at org.apache.catalina.util.LifecycleBase.setStateInternal(LifecycleBase.java:385)
		at org.apache.catalina.util.LifecycleBase.setState(LifecycleBase.java:332)
		at org.apache.catalina.core.ContainerBase.startInternal(ContainerBase.java:776)
		at org.apache.catalina.core.StandardHost.startInternal(StandardHost.java:772)
		at org.apache.catalina.util.LifecycleBase.start(LifecycleBase.java:164)
		at org.apache.catalina.core.ContainerBase$StartChild.call(ContainerBase.java:1203)
		at org.apache.catalina.core.ContainerBase$StartChild.call(ContainerBase.java:1193)
		at java.base/java.util.concurrent.FutureTask.run(FutureTask.java:317)
		at org.apache.tomcat.util.threads.InlineExecutorService.execute(InlineExecutorService.java:75)
		at java.base/java.util.concurrent.AbstractExecutorService.submit(AbstractExecutorService.java:145)
		at org.apache.catalina.core.ContainerBase.startInternal(ContainerBase.java:749)
		at org.apache.catalina.core.StandardEngine.startInternal(StandardEngine.java:203)
		at org.apache.catalina.util.LifecycleBase.start(LifecycleBase.java:164)
		at org.apache.catalina.core.StandardService.startInternal(StandardService.java:415)
		at org.apache.catalina.util.LifecycleBase.start(LifecycleBase.java:164)
		at org.apache.catalina.core.StandardServer.startInternal(StandardServer.java:870)
		at org.apache.catalina.util.LifecycleBase.start(LifecycleBase.java:164)
		at org.apache.catalina.startup.Catalina.start(Catalina.java:757)
		at java.base/jdk.internal.reflect.DirectMethodHandleAccessor.invoke(DirectMethodHandleAccessor.java:103)
		at java.base/java.lang.reflect.Method.invoke(Method.java:580)
		at org.apache.catalina.startup.Bootstrap.start(Bootstrap.java:345)
		at org.apache.catalina.startup.Bootstrap.main(Bootstrap.java:473)
27-Sep-2024 12:26:39.490 SEVERE [main] org.apache.catalina.core.StandardContext.listenerStart Error configuring application listener of class [listeners.SessionListener]
	java.lang.ClassNotFoundException: listeners.SessionListener
		at org.apache.catalina.loader.WebappClassLoaderBase.loadClass(WebappClassLoaderBase.java:1332)
		at org.apache.catalina.loader.WebappClassLoaderBase.loadClass(WebappClassLoaderBase.java:1144)
		at org.apache.catalina.core.DefaultInstanceManager.loadClass(DefaultInstanceManager.java:491)
		at org.apache.catalina.core.DefaultInstanceManager.loadClassMaybePrivileged(DefaultInstanceManager.java:473)
		at org.apache.catalina.core.DefaultInstanceManager.newInstance(DefaultInstanceManager.java:143)
		at org.apache.catalina.core.StandardContext.listenerStart(StandardContext.java:3922)
		at org.apache.catalina.core.StandardContext.startInternal(StandardContext.java:4422)
		at org.apache.catalina.util.LifecycleBase.start(LifecycleBase.java:164)
		at org.apache.catalina.core.ContainerBase.addChildInternal(ContainerBase.java:599)
		at org.apache.catalina.core.ContainerBase.addChild(ContainerBase.java:571)
		at org.apache.catalina.core.StandardHost.addChild(StandardHost.java:654)
		at org.apache.catalina.startup.HostConfig.deployDirectory(HostConfig.java:1130)
		at org.apache.catalina.startup.HostConfig$DeployDirectory.run(HostConfig.java:1933)
		at java.base/java.util.concurrent.Executors$RunnableAdapter.call(Executors.java:572)
		at java.base/java.util.concurrent.FutureTask.run(FutureTask.java:317)
		at org.apache.tomcat.util.threads.InlineExecutorService.execute(InlineExecutorService.java:75)
		at java.base/java.util.concurrent.AbstractExecutorService.submit(AbstractExecutorService.java:123)
		at org.apache.catalina.startup.HostConfig.deployDirectories(HostConfig.java:1041)
		at org.apache.catalina.startup.HostConfig.deployApps(HostConfig.java:425)
		at org.apache.catalina.startup.HostConfig.start(HostConfig.java:1629)
		at org.apache.catalina.startup.HostConfig.lifecycleEvent(HostConfig.java:303)
		at org.apache.catalina.util.LifecycleBase.fireLifecycleEvent(LifecycleBase.java:109)
		at org.apache.catalina.util.LifecycleBase.setStateInternal(LifecycleBase.java:385)
		at org.apache.catalina.util.LifecycleBase.setState(LifecycleBase.java:332)
		at org.apache.catalina.core.ContainerBase.startInternal(ContainerBase.java:776)
		at org.apache.catalina.core.StandardHost.startInternal(StandardHost.java:772)
		at org.apache.catalina.util.LifecycleBase.start(LifecycleBase.java:164)
		at org.apache.catalina.core.ContainerBase$StartChild.call(ContainerBase.java:1203)
		at org.apache.catalina.core.ContainerBase$StartChild.call(ContainerBase.java:1193)
		at java.base/java.util.concurrent.FutureTask.run(FutureTask.java:317)
		at org.apache.tomcat.util.threads.InlineExecutorService.execute(InlineExecutorService.java:75)
		at java.base/java.util.concurrent.AbstractExecutorService.submit(AbstractExecutorService.java:145)
		at org.apache.catalina.core.ContainerBase.startInternal(ContainerBase.java:749)
		at org.apache.catalina.core.StandardEngine.startInternal(StandardEngine.java:203)
		at org.apache.catalina.util.LifecycleBase.start(LifecycleBase.java:164)
		at org.apache.catalina.core.StandardService.startInternal(StandardService.java:415)
		at org.apache.catalina.util.LifecycleBase.start(LifecycleBase.java:164)
		at org.apache.catalina.core.StandardServer.startInternal(StandardServer.java:870)
		at org.apache.catalina.util.LifecycleBase.start(LifecycleBase.java:164)
		at org.apache.catalina.startup.Catalina.start(Catalina.java:757)
		at java.base/jdk.internal.reflect.DirectMethodHandleAccessor.invoke(DirectMethodHandleAccessor.java:103)
		at java.base/java.lang.reflect.Method.invoke(Method.java:580)
		at org.apache.catalina.startup.Bootstrap.start(Bootstrap.java:345)
		at org.apache.catalina.startup.Bootstrap.main(Bootstrap.java:473)
27-Sep-2024 12:26:39.490 SEVERE [main] org.apache.catalina.core.StandardContext.listenerStart Error configuring application listener of class [async.AsyncStockContextListener]
	java.lang.ClassNotFoundException: async.AsyncStockContextListener
		at org.apache.catalina.loader.WebappClassLoaderBase.loadClass(WebappClassLoaderBase.java:1332)
		at org.apache.catalina.loader.WebappClassLoaderBase.loadClass(WebappClassLoaderBase.java:1144)
		at org.apache.catalina.core.DefaultInstanceManager.loadClass(DefaultInstanceManager.java:491)
		at org.apache.catalina.core.DefaultInstanceManager.loadClassMaybePrivileged(DefaultInstanceManager.java:473)
		at org.apache.catalina.core.DefaultInstanceManager.newInstance(DefaultInstanceManager.java:143)
		at org.apache.catalina.core.StandardContext.listenerStart(StandardContext.java:3922)
		at org.apache.catalina.core.StandardContext.startInternal(StandardContext.java:4422)
		at org.apache.catalina.util.LifecycleBase.start(LifecycleBase.java:164)
		at org.apache.catalina.core.ContainerBase.addChildInternal(ContainerBase.java:599)
		at org.apache.catalina.core.ContainerBase.addChild(ContainerBase.java:571)
		at org.apache.catalina.core.StandardHost.addChild(StandardHost.java:654)
		at org.apache.catalina.startup.HostConfig.deployDirectory(HostConfig.java:1130)
		at org.apache.catalina.startup.HostConfig$DeployDirectory.run(HostConfig.java:1933)
		at java.base/java.util.concurrent.Executors$RunnableAdapter.call(Executors.java:572)
		at java.base/java.util.concurrent.FutureTask.run(FutureTask.java:317)
		at org.apache.tomcat.util.threads.InlineExecutorService.execute(InlineExecutorService.java:75)
		at java.base/java.util.concurrent.AbstractExecutorService.submit(AbstractExecutorService.java:123)
		at org.apache.catalina.startup.HostConfig.deployDirectories(HostConfig.java:1041)
		at org.apache.catalina.startup.HostConfig.deployApps(HostConfig.java:425)
		at org.apache.catalina.startup.HostConfig.start(HostConfig.java:1629)
		at org.apache.catalina.startup.HostConfig.lifecycleEvent(HostConfig.java:303)
		at org.apache.catalina.util.LifecycleBase.fireLifecycleEvent(LifecycleBase.java:109)
		at org.apache.catalina.util.LifecycleBase.setStateInternal(LifecycleBase.java:385)
		at org.apache.catalina.util.LifecycleBase.setState(LifecycleBase.java:332)
		at org.apache.catalina.core.ContainerBase.startInternal(ContainerBase.java:776)
		at org.apache.catalina.core.StandardHost.startInternal(StandardHost.java:772)
		at org.apache.catalina.util.LifecycleBase.start(LifecycleBase.java:164)
		at org.apache.catalina.core.ContainerBase$StartChild.call(ContainerBase.java:1203)
		at org.apache.catalina.core.ContainerBase$StartChild.call(ContainerBase.java:1193)
		at java.base/java.util.concurrent.FutureTask.run(FutureTask.java:317)
		at org.apache.tomcat.util.threads.InlineExecutorService.execute(InlineExecutorService.java:75)
		at java.base/java.util.concurrent.AbstractExecutorService.submit(AbstractExecutorService.java:145)
		at org.apache.catalina.core.ContainerBase.startInternal(ContainerBase.java:749)
		at org.apache.catalina.core.StandardEngine.startInternal(StandardEngine.java:203)
		at org.apache.catalina.util.LifecycleBase.start(LifecycleBase.java:164)
		at org.apache.catalina.core.StandardService.startInternal(StandardService.java:415)
		at org.apache.catalina.util.LifecycleBase.start(LifecycleBase.java:164)
		at org.apache.catalina.core.StandardServer.startInternal(StandardServer.java:870)
		at org.apache.catalina.util.LifecycleBase.start(LifecycleBase.java:164)
		at org.apache.catalina.startup.Catalina.start(Catalina.java:757)
		at java.base/jdk.internal.reflect.DirectMethodHandleAccessor.invoke(DirectMethodHandleAccessor.java:103)
		at java.base/java.lang.reflect.Method.invoke(Method.java:580)
		at org.apache.catalina.startup.Bootstrap.start(Bootstrap.java:345)
		at org.apache.catalina.startup.Bootstrap.main(Bootstrap.java:473)
27-Sep-2024 12:26:39.490 SEVERE [main] org.apache.catalina.core.StandardContext.listenerStart Error configuring application listener of class [websocket.drawboard.DrawboardContextListener]
	java.lang.ClassNotFoundException: websocket.drawboard.DrawboardContextListener
		at org.apache.catalina.loader.WebappClassLoaderBase.loadClass(WebappClassLoaderBase.java:1332)
		at org.apache.catalina.loader.WebappClassLoaderBase.loadClass(WebappClassLoaderBase.java:1144)
		at org.apache.catalina.core.DefaultInstanceManager.loadClass(DefaultInstanceManager.java:491)
		at org.apache.catalina.core.DefaultInstanceManager.loadClassMaybePrivileged(DefaultInstanceManager.java:473)
		at org.apache.catalina.core.DefaultInstanceManager.newInstance(DefaultInstanceManager.java:143)
		at org.apache.catalina.core.StandardContext.listenerStart(StandardContext.java:3922)
		at org.apache.catalina.core.StandardContext.startInternal(StandardContext.java:4422)
		at org.apache.catalina.util.LifecycleBase.start(LifecycleBase.java:164)
		at org.apache.catalina.core.ContainerBase.addChildInternal(ContainerBase.java:599)
		at org.apache.catalina.core.ContainerBase.addChild(ContainerBase.java:571)
		at org.apache.catalina.core.StandardHost.addChild(StandardHost.java:654)
		at org.apache.catalina.startup.HostConfig.deployDirectory(HostConfig.java:1130)
		at org.apache.catalina.startup.HostConfig$DeployDirectory.run(HostConfig.java:1933)
		at java.base/java.util.concurrent.Executors$RunnableAdapter.call(Executors.java:572)
		at java.base/java.util.concurrent.FutureTask.run(FutureTask.java:317)
		at org.apache.tomcat.util.threads.InlineExecutorService.execute(InlineExecutorService.java:75)
		at java.base/java.util.concurrent.AbstractExecutorService.submit(AbstractExecutorService.java:123)
		at org.apache.catalina.startup.HostConfig.deployDirectories(HostConfig.java:1041)
		at org.apache.catalina.startup.HostConfig.deployApps(HostConfig.java:425)
		at org.apache.catalina.startup.HostConfig.start(HostConfig.java:1629)
		at org.apache.catalina.startup.HostConfig.lifecycleEvent(HostConfig.java:303)
		at org.apache.catalina.util.LifecycleBase.fireLifecycleEvent(LifecycleBase.java:109)
		at org.apache.catalina.util.LifecycleBase.setStateInternal(LifecycleBase.java:385)
		at org.apache.catalina.util.LifecycleBase.setState(LifecycleBase.java:332)
		at org.apache.catalina.core.ContainerBase.startInternal(ContainerBase.java:776)
		at org.apache.catalina.core.StandardHost.startInternal(StandardHost.java:772)
		at org.apache.catalina.util.LifecycleBase.start(LifecycleBase.java:164)
		at org.apache.catalina.core.ContainerBase$StartChild.call(ContainerBase.java:1203)
		at org.apache.catalina.core.ContainerBase$StartChild.call(ContainerBase.java:1193)
		at java.base/java.util.concurrent.FutureTask.run(FutureTask.java:317)
		at org.apache.tomcat.util.threads.InlineExecutorService.execute(InlineExecutorService.java:75)
		at java.base/java.util.concurrent.AbstractExecutorService.submit(AbstractExecutorService.java:145)
		at org.apache.catalina.core.ContainerBase.startInternal(ContainerBase.java:749)
		at org.apache.catalina.core.StandardEngine.startInternal(StandardEngine.java:203)
		at org.apache.catalina.util.LifecycleBase.start(LifecycleBase.java:164)
		at org.apache.catalina.core.StandardService.startInternal(StandardService.java:415)
		at org.apache.catalina.util.LifecycleBase.start(LifecycleBase.java:164)
		at org.apache.catalina.core.StandardServer.startInternal(StandardServer.java:870)
		at org.apache.catalina.util.LifecycleBase.start(LifecycleBase.java:164)
		at org.apache.catalina.startup.Catalina.start(Catalina.java:757)
		at java.base/jdk.internal.reflect.DirectMethodHandleAccessor.invoke(DirectMethodHandleAccessor.java:103)
		at java.base/java.lang.reflect.Method.invoke(Method.java:580)
		at org.apache.catalina.startup.Bootstrap.start(Bootstrap.java:345)
		at org.apache.catalina.startup.Bootstrap.main(Bootstrap.java:473)
27-Sep-2024 12:26:39.490 SEVERE [main] org.apache.catalina.core.StandardContext.listenerStart Skipped installing application listeners due to previous error(s)
27-Sep-2024 12:32:28.025 SEVERE [http-nio-8080-exec-2] org.apache.catalina.core.StandardContext.listenerStart Error configuring application listener of class [listeners.ContextListener]
	java.lang.ClassNotFoundException: listeners.ContextListener
		at org.apache.catalina.loader.WebappClassLoaderBase.loadClass(WebappClassLoaderBase.java:1332)
		at org.apache.catalina.loader.WebappClassLoaderBase.loadClass(WebappClassLoaderBase.java:1144)
		at org.apache.catalina.core.DefaultInstanceManager.loadClass(DefaultInstanceManager.java:491)
		at org.apache.catalina.core.DefaultInstanceManager.loadClassMaybePrivileged(DefaultInstanceManager.java:473)
		at org.apache.catalina.core.DefaultInstanceManager.newInstance(DefaultInstanceManager.java:143)
		at org.apache.catalina.core.StandardContext.listenerStart(StandardContext.java:3922)
		at org.apache.catalina.core.StandardContext.startInternal(StandardContext.java:4422)
		at org.apache.catalina.util.LifecycleBase.start(LifecycleBase.java:164)
		at org.apache.catalina.manager.ManagerServlet.start(ManagerServlet.java:1283)
		at org.apache.catalina.manager.HTMLManagerServlet.start(HTMLManagerServlet.java:642)
		at org.apache.catalina.manager.HTMLManagerServlet.doPost(HTMLManagerServlet.java:188)
		at jakarta.servlet.http.HttpServlet.service(HttpServlet.java:590)
		at jakarta.servlet.http.HttpServlet.service(HttpServlet.java:658)
		at org.apache.catalina.core.ApplicationFilterChain.internalDoFilter(ApplicationFilterChain.java:195)
		at org.apache.catalina.core.ApplicationFilterChain.doFilter(ApplicationFilterChain.java:140)
		at org.apache.catalina.filters.CsrfPreventionFilter.doFilter(CsrfPreventionFilter.java:430)
		at org.apache.catalina.core.ApplicationFilterChain.internalDoFilter(ApplicationFilterChain.java:164)
		at org.apache.catalina.core.ApplicationFilterChain.doFilter(ApplicationFilterChain.java:140)
		at org.apache.tomcat.websocket.server.WsFilter.doFilter(WsFilter.java:51)
		at org.apache.catalina.core.ApplicationFilterChain.internalDoFilter(ApplicationFilterChain.java:164)
		at org.apache.catalina.core.ApplicationFilterChain.doFilter(ApplicationFilterChain.java:140)
		at org.apache.catalina.filters.HttpHeaderSecurityFilter.doFilter(HttpHeaderSecurityFilter.java:129)
		at org.apache.catalina.core.ApplicationFilterChain.internalDoFilter(ApplicationFilterChain.java:164)
		at org.apache.catalina.core.ApplicationFilterChain.doFilter(ApplicationFilterChain.java:140)
		at org.apache.catalina.core.StandardWrapperValve.invoke(StandardWrapperValve.java:167)
		at org.apache.catalina.core.StandardContextValve.invoke(StandardContextValve.java:90)
		at org.apache.catalina.authenticator.AuthenticatorBase.invoke(AuthenticatorBase.java:598)
		at org.apache.catalina.valves.RequestFilterValve.process(RequestFilterValve.java:355)
		at org.apache.catalina.valves.RemoteAddrValve.invoke(RemoteAddrValve.java:54)
		at org.apache.catalina.core.StandardHostValve.invoke(StandardHostValve.java:115)
		at org.apache.catalina.valves.ErrorReportValve.invoke(ErrorReportValve.java:93)
		at org.apache.catalina.valves.AbstractAccessLogValve.invoke(AbstractAccessLogValve.java:663)
		at org.apache.catalina.core.StandardEngineValve.invoke(StandardEngineValve.java:74)
		at org.apache.catalina.connector.CoyoteAdapter.service(CoyoteAdapter.java:344)
		at org.apache.coyote.http11.Http11Processor.service(Http11Processor.java:384)
		at org.apache.coyote.AbstractProcessorLight.process(AbstractProcessorLight.java:63)
		at org.apache.coyote.AbstractProtocol$ConnectionHandler.process(AbstractProtocol.java:905)
		at org.apache.tomcat.util.net.NioEndpoint$SocketProcessor.doRun(NioEndpoint.java:1741)
		at org.apache.tomcat.util.net.SocketProcessorBase.run(SocketProcessorBase.java:52)
		at org.apache.tomcat.util.threads.ThreadPoolExecutor.runWorker(ThreadPoolExecutor.java:1190)
		at org.apache.tomcat.util.threads.ThreadPoolExecutor$Worker.run(ThreadPoolExecutor.java:659)
		at org.apache.tomcat.util.threads.TaskThread$WrappingRunnable.run(TaskThread.java:63)
		at java.base/java.lang.Thread.run(Thread.java:1583)
27-Sep-2024 12:32:28.025 SEVERE [http-nio-8080-exec-2] org.apache.catalina.core.StandardContext.listenerStart Error configuring application listener of class [listeners.SessionListener]
	java.lang.ClassNotFoundException: listeners.SessionListener
		at org.apache.catalina.loader.WebappClassLoaderBase.loadClass(WebappClassLoaderBase.java:1332)
		at org.apache.catalina.loader.WebappClassLoaderBase.loadClass(WebappClassLoaderBase.java:1144)
		at org.apache.catalina.core.DefaultInstanceManager.loadClass(DefaultInstanceManager.java:491)
		at org.apache.catalina.core.DefaultInstanceManager.loadClassMaybePrivileged(DefaultInstanceManager.java:473)
		at org.apache.catalina.core.DefaultInstanceManager.newInstance(DefaultInstanceManager.java:143)
		at org.apache.catalina.core.StandardContext.listenerStart(StandardContext.java:3922)
		at org.apache.catalina.core.StandardContext.startInternal(StandardContext.java:4422)
		at org.apache.catalina.util.LifecycleBase.start(LifecycleBase.java:164)
		at org.apache.catalina.manager.ManagerServlet.start(ManagerServlet.java:1283)
		at org.apache.catalina.manager.HTMLManagerServlet.start(HTMLManagerServlet.java:642)
		at org.apache.catalina.manager.HTMLManagerServlet.doPost(HTMLManagerServlet.java:188)
		at jakarta.servlet.http.HttpServlet.service(HttpServlet.java:590)
		at jakarta.servlet.http.HttpServlet.service(HttpServlet.java:658)
		at org.apache.catalina.core.ApplicationFilterChain.internalDoFilter(ApplicationFilterChain.java:195)
		at org.apache.catalina.core.ApplicationFilterChain.doFilter(ApplicationFilterChain.java:140)
		at org.apache.catalina.filters.CsrfPreventionFilter.doFilter(CsrfPreventionFilter.java:430)
		at org.apache.catalina.core.ApplicationFilterChain.internalDoFilter(ApplicationFilterChain.java:164)
		at org.apache.catalina.core.ApplicationFilterChain.doFilter(ApplicationFilterChain.java:140)
		at org.apache.tomcat.websocket.server.WsFilter.doFilter(WsFilter.java:51)
		at org.apache.catalina.core.ApplicationFilterChain.internalDoFilter(ApplicationFilterChain.java:164)
		at org.apache.catalina.core.ApplicationFilterChain.doFilter(ApplicationFilterChain.java:140)
		at org.apache.catalina.filters.HttpHeaderSecurityFilter.doFilter(HttpHeaderSecurityFilter.java:129)
		at org.apache.catalina.core.ApplicationFilterChain.internalDoFilter(ApplicationFilterChain.java:164)
		at org.apache.catalina.core.ApplicationFilterChain.doFilter(ApplicationFilterChain.java:140)
		at org.apache.catalina.core.StandardWrapperValve.invoke(StandardWrapperValve.java:167)
		at org.apache.catalina.core.StandardContextValve.invoke(StandardContextValve.java:90)
		at org.apache.catalina.authenticator.AuthenticatorBase.invoke(AuthenticatorBase.java:598)
		at org.apache.catalina.valves.RequestFilterValve.process(RequestFilterValve.java:355)
		at org.apache.catalina.valves.RemoteAddrValve.invoke(RemoteAddrValve.java:54)
		at org.apache.catalina.core.StandardHostValve.invoke(StandardHostValve.java:115)
		at org.apache.catalina.valves.ErrorReportValve.invoke(ErrorReportValve.java:93)
		at org.apache.catalina.valves.AbstractAccessLogValve.invoke(AbstractAccessLogValve.java:663)
		at org.apache.catalina.core.StandardEngineValve.invoke(StandardEngineValve.java:74)
		at org.apache.catalina.connector.CoyoteAdapter.service(CoyoteAdapter.java:344)
		at org.apache.coyote.http11.Http11Processor.service(Http11Processor.java:384)
		at org.apache.coyote.AbstractProcessorLight.process(AbstractProcessorLight.java:63)
		at org.apache.coyote.AbstractProtocol$ConnectionHandler.process(AbstractProtocol.java:905)
		at org.apache.tomcat.util.net.NioEndpoint$SocketProcessor.doRun(NioEndpoint.java:1741)
		at org.apache.tomcat.util.net.SocketProcessorBase.run(SocketProcessorBase.java:52)
		at org.apache.tomcat.util.threads.ThreadPoolExecutor.runWorker(ThreadPoolExecutor.java:1190)
		at org.apache.tomcat.util.threads.ThreadPoolExecutor$Worker.run(ThreadPoolExecutor.java:659)
		at org.apache.tomcat.util.threads.TaskThread$WrappingRunnable.run(TaskThread.java:63)
		at java.base/java.lang.Thread.run(Thread.java:1583)
27-Sep-2024 12:32:28.025 SEVERE [http-nio-8080-exec-2] org.apache.catalina.core.StandardContext.listenerStart Error configuring application listener of class [async.AsyncStockContextListener]
	java.lang.ClassNotFoundException: async.AsyncStockContextListener
		at org.apache.catalina.loader.WebappClassLoaderBase.loadClass(WebappClassLoaderBase.java:1332)
		at org.apache.catalina.loader.WebappClassLoaderBase.loadClass(WebappClassLoaderBase.java:1144)
		at org.apache.catalina.core.DefaultInstanceManager.loadClass(DefaultInstanceManager.java:491)
		at org.apache.catalina.core.DefaultInstanceManager.loadClassMaybePrivileged(DefaultInstanceManager.java:473)
		at org.apache.catalina.core.DefaultInstanceManager.newInstance(DefaultInstanceManager.java:143)
		at org.apache.catalina.core.StandardContext.listenerStart(StandardContext.java:3922)
		at org.apache.catalina.core.StandardContext.startInternal(StandardContext.java:4422)
		at org.apache.catalina.util.LifecycleBase.start(LifecycleBase.java:164)
		at org.apache.catalina.manager.ManagerServlet.start(ManagerServlet.java:1283)
		at org.apache.catalina.manager.HTMLManagerServlet.start(HTMLManagerServlet.java:642)
		at org.apache.catalina.manager.HTMLManagerServlet.doPost(HTMLManagerServlet.java:188)
		at jakarta.servlet.http.HttpServlet.service(HttpServlet.java:590)
		at jakarta.servlet.http.HttpServlet.service(HttpServlet.java:658)
		at org.apache.catalina.core.ApplicationFilterChain.internalDoFilter(ApplicationFilterChain.java:195)
		at org.apache.catalina.core.ApplicationFilterChain.doFilter(ApplicationFilterChain.java:140)
		at org.apache.catalina.filters.CsrfPreventionFilter.doFilter(CsrfPreventionFilter.java:430)
		at org.apache.catalina.core.ApplicationFilterChain.internalDoFilter(ApplicationFilterChain.java:164)
		at org.apache.catalina.core.ApplicationFilterChain.doFilter(ApplicationFilterChain.java:140)
		at org.apache.tomcat.websocket.server.WsFilter.doFilter(WsFilter.java:51)
		at org.apache.catalina.core.ApplicationFilterChain.internalDoFilter(ApplicationFilterChain.java:164)
		at org.apache.catalina.core.ApplicationFilterChain.doFilter(ApplicationFilterChain.java:140)
		at org.apache.catalina.filters.HttpHeaderSecurityFilter.doFilter(HttpHeaderSecurityFilter.java:129)
		at org.apache.catalina.core.ApplicationFilterChain.internalDoFilter(ApplicationFilterChain.java:164)
		at org.apache.catalina.core.ApplicationFilterChain.doFilter(ApplicationFilterChain.java:140)
		at org.apache.catalina.core.StandardWrapperValve.invoke(StandardWrapperValve.java:167)
		at org.apache.catalina.core.StandardContextValve.invoke(StandardContextValve.java:90)
		at org.apache.catalina.authenticator.AuthenticatorBase.invoke(AuthenticatorBase.java:598)
		at org.apache.catalina.valves.RequestFilterValve.process(RequestFilterValve.java:355)
		at org.apache.catalina.valves.RemoteAddrValve.invoke(RemoteAddrValve.java:54)
		at org.apache.catalina.core.StandardHostValve.invoke(StandardHostValve.java:115)
		at org.apache.catalina.valves.ErrorReportValve.invoke(ErrorReportValve.java:93)
		at org.apache.catalina.valves.AbstractAccessLogValve.invoke(AbstractAccessLogValve.java:663)
		at org.apache.catalina.core.StandardEngineValve.invoke(StandardEngineValve.java:74)
		at org.apache.catalina.connector.CoyoteAdapter.service(CoyoteAdapter.java:344)
		at org.apache.coyote.http11.Http11Processor.service(Http11Processor.java:384)
		at org.apache.coyote.AbstractProcessorLight.process(AbstractProcessorLight.java:63)
		at org.apache.coyote.AbstractProtocol$ConnectionHandler.process(AbstractProtocol.java:905)
		at org.apache.tomcat.util.net.NioEndpoint$SocketProcessor.doRun(NioEndpoint.java:1741)
		at org.apache.tomcat.util.net.SocketProcessorBase.run(SocketProcessorBase.java:52)
		at org.apache.tomcat.util.threads.ThreadPoolExecutor.runWorker(ThreadPoolExecutor.java:1190)
		at org.apache.tomcat.util.threads.ThreadPoolExecutor$Worker.run(ThreadPoolExecutor.java:659)
		at org.apache.tomcat.util.threads.TaskThread$WrappingRunnable.run(TaskThread.java:63)
		at java.base/java.lang.Thread.run(Thread.java:1583)
27-Sep-2024 12:32:28.026 SEVERE [http-nio-8080-exec-2] org.apache.catalina.core.StandardContext.listenerStart Error configuring application listener of class [websocket.drawboard.DrawboardContextListener]
	java.lang.ClassNotFoundException: websocket.drawboard.DrawboardContextListener
		at org.apache.catalina.loader.WebappClassLoaderBase.loadClass(WebappClassLoaderBase.java:1332)
		at org.apache.catalina.loader.WebappClassLoaderBase.loadClass(WebappClassLoaderBase.java:1144)
		at org.apache.catalina.core.DefaultInstanceManager.loadClass(DefaultInstanceManager.java:491)
		at org.apache.catalina.core.DefaultInstanceManager.loadClassMaybePrivileged(DefaultInstanceManager.java:473)
		at org.apache.catalina.core.DefaultInstanceManager.newInstance(DefaultInstanceManager.java:143)
		at org.apache.catalina.core.StandardContext.listenerStart(StandardContext.java:3922)
		at org.apache.catalina.core.StandardContext.startInternal(StandardContext.java:4422)
		at org.apache.catalina.util.LifecycleBase.start(LifecycleBase.java:164)
		at org.apache.catalina.manager.ManagerServlet.start(ManagerServlet.java:1283)
		at org.apache.catalina.manager.HTMLManagerServlet.start(HTMLManagerServlet.java:642)
		at org.apache.catalina.manager.HTMLManagerServlet.doPost(HTMLManagerServlet.java:188)
		at jakarta.servlet.http.HttpServlet.service(HttpServlet.java:590)
		at jakarta.servlet.http.HttpServlet.service(HttpServlet.java:658)
		at org.apache.catalina.core.ApplicationFilterChain.internalDoFilter(ApplicationFilterChain.java:195)
		at org.apache.catalina.core.ApplicationFilterChain.doFilter(ApplicationFilterChain.java:140)
		at org.apache.catalina.filters.CsrfPreventionFilter.doFilter(CsrfPreventionFilter.java:430)
		at org.apache.catalina.core.ApplicationFilterChain.internalDoFilter(ApplicationFilterChain.java:164)
		at org.apache.catalina.core.ApplicationFilterChain.doFilter(ApplicationFilterChain.java:140)
		at org.apache.tomcat.websocket.server.WsFilter.doFilter(WsFilter.java:51)
		at org.apache.catalina.core.ApplicationFilterChain.internalDoFilter(ApplicationFilterChain.java:164)
		at org.apache.catalina.core.ApplicationFilterChain.doFilter(ApplicationFilterChain.java:140)
		at org.apache.catalina.filters.HttpHeaderSecurityFilter.doFilter(HttpHeaderSecurityFilter.java:129)
		at org.apache.catalina.core.ApplicationFilterChain.internalDoFilter(ApplicationFilterChain.java:164)
		at org.apache.catalina.core.ApplicationFilterChain.doFilter(ApplicationFilterChain.java:140)
		at org.apache.catalina.core.StandardWrapperValve.invoke(StandardWrapperValve.java:167)
		at org.apache.catalina.core.StandardContextValve.invoke(StandardContextValve.java:90)
		at org.apache.catalina.authenticator.AuthenticatorBase.invoke(AuthenticatorBase.java:598)
		at org.apache.catalina.valves.RequestFilterValve.process(RequestFilterValve.java:355)
		at org.apache.catalina.valves.RemoteAddrValve.invoke(RemoteAddrValve.java:54)
		at org.apache.catalina.core.StandardHostValve.invoke(StandardHostValve.java:115)
		at org.apache.catalina.valves.ErrorReportValve.invoke(ErrorReportValve.java:93)
		at org.apache.catalina.valves.AbstractAccessLogValve.invoke(AbstractAccessLogValve.java:663)
		at org.apache.catalina.core.StandardEngineValve.invoke(StandardEngineValve.java:74)
		at org.apache.catalina.connector.CoyoteAdapter.service(CoyoteAdapter.java:344)
		at org.apache.coyote.http11.Http11Processor.service(Http11Processor.java:384)
		at org.apache.coyote.AbstractProcessorLight.process(AbstractProcessorLight.java:63)
		at org.apache.coyote.AbstractProtocol$ConnectionHandler.process(AbstractProtocol.java:905)
		at org.apache.tomcat.util.net.NioEndpoint$SocketProcessor.doRun(NioEndpoint.java:1741)
		at org.apache.tomcat.util.net.SocketProcessorBase.run(SocketProcessorBase.java:52)
		at org.apache.tomcat.util.threads.ThreadPoolExecutor.runWorker(ThreadPoolExecutor.java:1190)
		at org.apache.tomcat.util.threads.ThreadPoolExecutor$Worker.run(ThreadPoolExecutor.java:659)
		at org.apache.tomcat.util.threads.TaskThread$WrappingRunnable.run(TaskThread.java:63)
		at java.base/java.lang.Thread.run(Thread.java:1583)
27-Sep-2024 12:32:28.026 SEVERE [http-nio-8080-exec-2] org.apache.catalina.core.StandardContext.listenerStart Skipped installing application listeners due to previous error(s)
27-Sep-2024 12:32:43.510 SEVERE [http-nio-8080-exec-8] org.apache.catalina.core.StandardContext.listenerStart Error configuring application listener of class [listeners.ContextListener]
	java.lang.ClassNotFoundException: listeners.ContextListener
		at org.apache.catalina.loader.WebappClassLoaderBase.loadClass(WebappClassLoaderBase.java:1332)
		at org.apache.catalina.loader.WebappClassLoaderBase.loadClass(WebappClassLoaderBase.java:1144)
		at org.apache.catalina.core.DefaultInstanceManager.loadClass(DefaultInstanceManager.java:491)
		at org.apache.catalina.core.DefaultInstanceManager.loadClassMaybePrivileged(DefaultInstanceManager.java:473)
		at org.apache.catalina.core.DefaultInstanceManager.newInstance(DefaultInstanceManager.java:143)
		at org.apache.catalina.core.StandardContext.listenerStart(StandardContext.java:3922)
		at org.apache.catalina.core.StandardContext.startInternal(StandardContext.java:4422)
		at org.apache.catalina.util.LifecycleBase.start(LifecycleBase.java:164)
		at org.apache.catalina.manager.ManagerServlet.start(ManagerServlet.java:1283)
		at org.apache.catalina.manager.HTMLManagerServlet.start(HTMLManagerServlet.java:642)
		at org.apache.catalina.manager.HTMLManagerServlet.doPost(HTMLManagerServlet.java:188)
		at jakarta.servlet.http.HttpServlet.service(HttpServlet.java:590)
		at jakarta.servlet.http.HttpServlet.service(HttpServlet.java:658)
		at org.apache.catalina.core.ApplicationFilterChain.internalDoFilter(ApplicationFilterChain.java:195)
		at org.apache.catalina.core.ApplicationFilterChain.doFilter(ApplicationFilterChain.java:140)
		at org.apache.catalina.filters.CsrfPreventionFilter.doFilter(CsrfPreventionFilter.java:430)
		at org.apache.catalina.core.ApplicationFilterChain.internalDoFilter(ApplicationFilterChain.java:164)
		at org.apache.catalina.core.ApplicationFilterChain.doFilter(ApplicationFilterChain.java:140)
		at org.apache.tomcat.websocket.server.WsFilter.doFilter(WsFilter.java:51)
		at org.apache.catalina.core.ApplicationFilterChain.internalDoFilter(ApplicationFilterChain.java:164)
		at org.apache.catalina.core.ApplicationFilterChain.doFilter(ApplicationFilterChain.java:140)
		at org.apache.catalina.filters.HttpHeaderSecurityFilter.doFilter(HttpHeaderSecurityFilter.java:129)
		at org.apache.catalina.core.ApplicationFilterChain.internalDoFilter(ApplicationFilterChain.java:164)
		at org.apache.catalina.core.ApplicationFilterChain.doFilter(ApplicationFilterChain.java:140)
		at org.apache.catalina.core.StandardWrapperValve.invoke(StandardWrapperValve.java:167)
		at org.apache.catalina.core.StandardContextValve.invoke(StandardContextValve.java:90)
		at org.apache.catalina.authenticator.AuthenticatorBase.invoke(AuthenticatorBase.java:598)
		at org.apache.catalina.valves.RequestFilterValve.process(RequestFilterValve.java:355)
		at org.apache.catalina.valves.RemoteAddrValve.invoke(RemoteAddrValve.java:54)
		at org.apache.catalina.core.StandardHostValve.invoke(StandardHostValve.java:115)
		at org.apache.catalina.valves.ErrorReportValve.invoke(ErrorReportValve.java:93)
		at org.apache.catalina.valves.AbstractAccessLogValve.invoke(AbstractAccessLogValve.java:663)
		at org.apache.catalina.core.StandardEngineValve.invoke(StandardEngineValve.java:74)
		at org.apache.catalina.connector.CoyoteAdapter.service(CoyoteAdapter.java:344)
		at org.apache.coyote.http11.Http11Processor.service(Http11Processor.java:384)
		at org.apache.coyote.AbstractProcessorLight.process(AbstractProcessorLight.java:63)
		at org.apache.coyote.AbstractProtocol$ConnectionHandler.process(AbstractProtocol.java:905)
		at org.apache.tomcat.util.net.NioEndpoint$SocketProcessor.doRun(NioEndpoint.java:1741)
		at org.apache.tomcat.util.net.SocketProcessorBase.run(SocketProcessorBase.java:52)
		at org.apache.tomcat.util.threads.ThreadPoolExecutor.runWorker(ThreadPoolExecutor.java:1190)
		at org.apache.tomcat.util.threads.ThreadPoolExecutor$Worker.run(ThreadPoolExecutor.java:659)
		at org.apache.tomcat.util.threads.TaskThread$WrappingRunnable.run(TaskThread.java:63)
		at java.base/java.lang.Thread.run(Thread.java:1583)
27-Sep-2024 12:32:43.511 SEVERE [http-nio-8080-exec-8] org.apache.catalina.core.StandardContext.listenerStart Error configuring application listener of class [listeners.SessionListener]
	java.lang.ClassNotFoundException: listeners.SessionListener
		at org.apache.catalina.loader.WebappClassLoaderBase.loadClass(WebappClassLoaderBase.java:1332)
		at org.apache.catalina.loader.WebappClassLoaderBase.loadClass(WebappClassLoaderBase.java:1144)
		at org.apache.catalina.core.DefaultInstanceManager.loadClass(DefaultInstanceManager.java:491)
		at org.apache.catalina.core.DefaultInstanceManager.loadClassMaybePrivileged(DefaultInstanceManager.java:473)
		at org.apache.catalina.core.DefaultInstanceManager.newInstance(DefaultInstanceManager.java:143)
		at org.apache.catalina.core.StandardContext.listenerStart(StandardContext.java:3922)
		at org.apache.catalina.core.StandardContext.startInternal(StandardContext.java:4422)
		at org.apache.catalina.util.LifecycleBase.start(LifecycleBase.java:164)
		at org.apache.catalina.manager.ManagerServlet.start(ManagerServlet.java:1283)
		at org.apache.catalina.manager.HTMLManagerServlet.start(HTMLManagerServlet.java:642)
		at org.apache.catalina.manager.HTMLManagerServlet.doPost(HTMLManagerServlet.java:188)
		at jakarta.servlet.http.HttpServlet.service(HttpServlet.java:590)
		at jakarta.servlet.http.HttpServlet.service(HttpServlet.java:658)
		at org.apache.catalina.core.ApplicationFilterChain.internalDoFilter(ApplicationFilterChain.java:195)
		at org.apache.catalina.core.ApplicationFilterChain.doFilter(ApplicationFilterChain.java:140)
		at org.apache.catalina.filters.CsrfPreventionFilter.doFilter(CsrfPreventionFilter.java:430)
		at org.apache.catalina.core.ApplicationFilterChain.internalDoFilter(ApplicationFilterChain.java:164)
		at org.apache.catalina.core.ApplicationFilterChain.doFilter(ApplicationFilterChain.java:140)
		at org.apache.tomcat.websocket.server.WsFilter.doFilter(WsFilter.java:51)
		at org.apache.catalina.core.ApplicationFilterChain.internalDoFilter(ApplicationFilterChain.java:164)
		at org.apache.catalina.core.ApplicationFilterChain.doFilter(ApplicationFilterChain.java:140)
		at org.apache.catalina.filters.HttpHeaderSecurityFilter.doFilter(HttpHeaderSecurityFilter.java:129)
		at org.apache.catalina.core.ApplicationFilterChain.internalDoFilter(ApplicationFilterChain.java:164)
		at org.apache.catalina.core.ApplicationFilterChain.doFilter(ApplicationFilterChain.java:140)
		at org.apache.catalina.core.StandardWrapperValve.invoke(StandardWrapperValve.java:167)
		at org.apache.catalina.core.StandardContextValve.invoke(StandardContextValve.java:90)
		at org.apache.catalina.authenticator.AuthenticatorBase.invoke(AuthenticatorBase.java:598)
		at org.apache.catalina.valves.RequestFilterValve.process(RequestFilterValve.java:355)
		at org.apache.catalina.valves.RemoteAddrValve.invoke(RemoteAddrValve.java:54)
		at org.apache.catalina.core.StandardHostValve.invoke(StandardHostValve.java:115)
		at org.apache.catalina.valves.ErrorReportValve.invoke(ErrorReportValve.java:93)
		at org.apache.catalina.valves.AbstractAccessLogValve.invoke(AbstractAccessLogValve.java:663)
		at org.apache.catalina.core.StandardEngineValve.invoke(StandardEngineValve.java:74)
		at org.apache.catalina.connector.CoyoteAdapter.service(CoyoteAdapter.java:344)
		at org.apache.coyote.http11.Http11Processor.service(Http11Processor.java:384)
		at org.apache.coyote.AbstractProcessorLight.process(AbstractProcessorLight.java:63)
		at org.apache.coyote.AbstractProtocol$ConnectionHandler.process(AbstractProtocol.java:905)
		at org.apache.tomcat.util.net.NioEndpoint$SocketProcessor.doRun(NioEndpoint.java:1741)
		at org.apache.tomcat.util.net.SocketProcessorBase.run(SocketProcessorBase.java:52)
		at org.apache.tomcat.util.threads.ThreadPoolExecutor.runWorker(ThreadPoolExecutor.java:1190)
		at org.apache.tomcat.util.threads.ThreadPoolExecutor$Worker.run(ThreadPoolExecutor.java:659)
		at org.apache.tomcat.util.threads.TaskThread$WrappingRunnable.run(TaskThread.java:63)
		at java.base/java.lang.Thread.run(Thread.java:1583)
27-Sep-2024 12:32:43.511 SEVERE [http-nio-8080-exec-8] org.apache.catalina.core.StandardContext.listenerStart Error configuring application listener of class [async.AsyncStockContextListener]
	java.lang.ClassNotFoundException: async.AsyncStockContextListener
		at org.apache.catalina.loader.WebappClassLoaderBase.loadClass(WebappClassLoaderBase.java:1332)
		at org.apache.catalina.loader.WebappClassLoaderBase.loadClass(WebappClassLoaderBase.java:1144)
		at org.apache.catalina.core.DefaultInstanceManager.loadClass(DefaultInstanceManager.java:491)
		at org.apache.catalina.core.DefaultInstanceManager.loadClassMaybePrivileged(DefaultInstanceManager.java:473)
		at org.apache.catalina.core.DefaultInstanceManager.newInstance(DefaultInstanceManager.java:143)
		at org.apache.catalina.core.StandardContext.listenerStart(StandardContext.java:3922)
		at org.apache.catalina.core.StandardContext.startInternal(StandardContext.java:4422)
		at org.apache.catalina.util.LifecycleBase.start(LifecycleBase.java:164)
		at org.apache.catalina.manager.ManagerServlet.start(ManagerServlet.java:1283)
		at org.apache.catalina.manager.HTMLManagerServlet.start(HTMLManagerServlet.java:642)
		at org.apache.catalina.manager.HTMLManagerServlet.doPost(HTMLManagerServlet.java:188)
		at jakarta.servlet.http.HttpServlet.service(HttpServlet.java:590)
		at jakarta.servlet.http.HttpServlet.service(HttpServlet.java:658)
		at org.apache.catalina.core.ApplicationFilterChain.internalDoFilter(ApplicationFilterChain.java:195)
		at org.apache.catalina.core.ApplicationFilterChain.doFilter(ApplicationFilterChain.java:140)
		at org.apache.catalina.filters.CsrfPreventionFilter.doFilter(CsrfPreventionFilter.java:430)
		at org.apache.catalina.core.ApplicationFilterChain.internalDoFilter(ApplicationFilterChain.java:164)
		at org.apache.catalina.core.ApplicationFilterChain.doFilter(ApplicationFilterChain.java:140)
		at org.apache.tomcat.websocket.server.WsFilter.doFilter(WsFilter.java:51)
		at org.apache.catalina.core.ApplicationFilterChain.internalDoFilter(ApplicationFilterChain.java:164)
		at org.apache.catalina.core.ApplicationFilterChain.doFilter(ApplicationFilterChain.java:140)
		at org.apache.catalina.filters.HttpHeaderSecurityFilter.doFilter(HttpHeaderSecurityFilter.java:129)
		at org.apache.catalina.core.ApplicationFilterChain.internalDoFilter(ApplicationFilterChain.java:164)
		at org.apache.catalina.core.ApplicationFilterChain.doFilter(ApplicationFilterChain.java:140)
		at org.apache.catalina.core.StandardWrapperValve.invoke(StandardWrapperValve.java:167)
		at org.apache.catalina.core.StandardContextValve.invoke(StandardContextValve.java:90)
		at org.apache.catalina.authenticator.AuthenticatorBase.invoke(AuthenticatorBase.java:598)
		at org.apache.catalina.valves.RequestFilterValve.process(RequestFilterValve.java:355)
		at org.apache.catalina.valves.RemoteAddrValve.invoke(RemoteAddrValve.java:54)
		at org.apache.catalina.core.StandardHostValve.invoke(StandardHostValve.java:115)
		at org.apache.catalina.valves.ErrorReportValve.invoke(ErrorReportValve.java:93)
		at org.apache.catalina.valves.AbstractAccessLogValve.invoke(AbstractAccessLogValve.java:663)
		at org.apache.catalina.core.StandardEngineValve.invoke(StandardEngineValve.java:74)
		at org.apache.catalina.connector.CoyoteAdapter.service(CoyoteAdapter.java:344)
		at org.apache.coyote.http11.Http11Processor.service(Http11Processor.java:384)
		at org.apache.coyote.AbstractProcessorLight.process(AbstractProcessorLight.java:63)
		at org.apache.coyote.AbstractProtocol$ConnectionHandler.process(AbstractProtocol.java:905)
		at org.apache.tomcat.util.net.NioEndpoint$SocketProcessor.doRun(NioEndpoint.java:1741)
		at org.apache.tomcat.util.net.SocketProcessorBase.run(SocketProcessorBase.java:52)
		at org.apache.tomcat.util.threads.ThreadPoolExecutor.runWorker(ThreadPoolExecutor.java:1190)
		at org.apache.tomcat.util.threads.ThreadPoolExecutor$Worker.run(ThreadPoolExecutor.java:659)
		at org.apache.tomcat.util.threads.TaskThread$WrappingRunnable.run(TaskThread.java:63)
		at java.base/java.lang.Thread.run(Thread.java:1583)
27-Sep-2024 12:32:43.511 SEVERE [http-nio-8080-exec-8] org.apache.catalina.core.StandardContext.listenerStart Error configuring application listener of class [websocket.drawboard.DrawboardContextListener]
	java.lang.ClassNotFoundException: websocket.drawboard.DrawboardContextListener
		at org.apache.catalina.loader.WebappClassLoaderBase.loadClass(WebappClassLoaderBase.java:1332)
		at org.apache.catalina.loader.WebappClassLoaderBase.loadClass(WebappClassLoaderBase.java:1144)
		at org.apache.catalina.core.DefaultInstanceManager.loadClass(DefaultInstanceManager.java:491)
		at org.apache.catalina.core.DefaultInstanceManager.loadClassMaybePrivileged(DefaultInstanceManager.java:473)
		at org.apache.catalina.core.DefaultInstanceManager.newInstance(DefaultInstanceManager.java:143)
		at org.apache.catalina.core.StandardContext.listenerStart(StandardContext.java:3922)
		at org.apache.catalina.core.StandardContext.startInternal(StandardContext.java:4422)
		at org.apache.catalina.util.LifecycleBase.start(LifecycleBase.java:164)
		at org.apache.catalina.manager.ManagerServlet.start(ManagerServlet.java:1283)
		at org.apache.catalina.manager.HTMLManagerServlet.start(HTMLManagerServlet.java:642)
		at org.apache.catalina.manager.HTMLManagerServlet.doPost(HTMLManagerServlet.java:188)
		at jakarta.servlet.http.HttpServlet.service(HttpServlet.java:590)
		at jakarta.servlet.http.HttpServlet.service(HttpServlet.java:658)
		at org.apache.catalina.core.ApplicationFilterChain.internalDoFilter(ApplicationFilterChain.java:195)
		at org.apache.catalina.core.ApplicationFilterChain.doFilter(ApplicationFilterChain.java:140)
		at org.apache.catalina.filters.CsrfPreventionFilter.doFilter(CsrfPreventionFilter.java:430)
		at org.apache.catalina.core.ApplicationFilterChain.internalDoFilter(ApplicationFilterChain.java:164)
		at org.apache.catalina.core.ApplicationFilterChain.doFilter(ApplicationFilterChain.java:140)
		at org.apache.tomcat.websocket.server.WsFilter.doFilter(WsFilter.java:51)
		at org.apache.catalina.core.ApplicationFilterChain.internalDoFilter(ApplicationFilterChain.java:164)
		at org.apache.catalina.core.ApplicationFilterChain.doFilter(ApplicationFilterChain.java:140)
		at org.apache.catalina.filters.HttpHeaderSecurityFilter.doFilter(HttpHeaderSecurityFilter.java:129)
		at org.apache.catalina.core.ApplicationFilterChain.internalDoFilter(ApplicationFilterChain.java:164)
		at org.apache.catalina.core.ApplicationFilterChain.doFilter(ApplicationFilterChain.java:140)
		at org.apache.catalina.core.StandardWrapperValve.invoke(StandardWrapperValve.java:167)
		at org.apache.catalina.core.StandardContextValve.invoke(StandardContextValve.java:90)
		at org.apache.catalina.authenticator.AuthenticatorBase.invoke(AuthenticatorBase.java:598)
		at org.apache.catalina.valves.RequestFilterValve.process(RequestFilterValve.java:355)
		at org.apache.catalina.valves.RemoteAddrValve.invoke(RemoteAddrValve.java:54)
		at org.apache.catalina.core.StandardHostValve.invoke(StandardHostValve.java:115)
		at org.apache.catalina.valves.ErrorReportValve.invoke(ErrorReportValve.java:93)
		at org.apache.catalina.valves.AbstractAccessLogValve.invoke(AbstractAccessLogValve.java:663)
		at org.apache.catalina.core.StandardEngineValve.invoke(StandardEngineValve.java:74)
		at org.apache.catalina.connector.CoyoteAdapter.service(CoyoteAdapter.java:344)
		at org.apache.coyote.http11.Http11Processor.service(Http11Processor.java:384)
		at org.apache.coyote.AbstractProcessorLight.process(AbstractProcessorLight.java:63)
		at org.apache.coyote.AbstractProtocol$ConnectionHandler.process(AbstractProtocol.java:905)
		at org.apache.tomcat.util.net.NioEndpoint$SocketProcessor.doRun(NioEndpoint.java:1741)
		at org.apache.tomcat.util.net.SocketProcessorBase.run(SocketProcessorBase.java:52)
		at org.apache.tomcat.util.threads.ThreadPoolExecutor.runWorker(ThreadPoolExecutor.java:1190)
		at org.apache.tomcat.util.threads.ThreadPoolExecutor$Worker.run(ThreadPoolExecutor.java:659)
		at org.apache.tomcat.util.threads.TaskThread$WrappingRunnable.run(TaskThread.java:63)
		at java.base/java.lang.Thread.run(Thread.java:1583)
27-Sep-2024 12:32:43.511 SEVERE [http-nio-8080-exec-8] org.apache.catalina.core.StandardContext.listenerStart Skipped installing application listeners due to previous error(s)
27-Sep-2024 12:33:02.921 INFO [http-nio-8080-exec-12] org.apache.catalina.core.ApplicationContext.log ContextListener: attributeAdded('org.apache.jasper.runtime.JspApplicationContextImpl', 'org.apache.jasper.runtime.JspApplicationContextImpl@29cbfb90')
27-Sep-2024 12:33:02.934 INFO [http-nio-8080-exec-12] org.apache.catalina.core.ApplicationContext.log ContextListener: attributeAdded('org.apache.jasper.compiler.ELInterpreter', 'org.apache.jasper.compiler.ELInterpreterFactory$DefaultELInterpreter@6beb5237')
27-Sep-2024 12:33:02.934 INFO [http-nio-8080-exec-12] org.apache.catalina.core.ApplicationContext.log ContextListener: attributeAdded('org.apache.jasper.compiler.StringInterpreter', 'org.apache.jasper.compiler.StringInterpreterFactory$DefaultStringInterpreter@44437312')
27-Sep-2024 12:33:03.455 INFO [http-nio-8080-exec-12] org.apache.catalina.core.ApplicationContext.log SessionListener: sessionCreated('C18C5A9AE8250B268B66A9AE2BDACD8F')
27-Sep-2024 12:49:57.718 SEVERE [http-nio-8080-exec-22] org.apache.catalina.core.StandardContext.listenerStart Error configuring application listener of class [listeners.ContextListener]
	java.lang.ClassNotFoundException: listeners.ContextListener
		at org.apache.catalina.loader.WebappClassLoaderBase.loadClass(WebappClassLoaderBase.java:1332)
		at org.apache.catalina.loader.WebappClassLoaderBase.loadClass(WebappClassLoaderBase.java:1144)
		at org.apache.catalina.core.DefaultInstanceManager.loadClass(DefaultInstanceManager.java:491)
		at org.apache.catalina.core.DefaultInstanceManager.loadClassMaybePrivileged(DefaultInstanceManager.java:473)
		at org.apache.catalina.core.DefaultInstanceManager.newInstance(DefaultInstanceManager.java:143)
		at org.apache.catalina.core.StandardContext.listenerStart(StandardContext.java:3922)
		at org.apache.catalina.core.StandardContext.startInternal(StandardContext.java:4422)
		at org.apache.catalina.util.LifecycleBase.start(LifecycleBase.java:164)
		at org.apache.catalina.manager.ManagerServlet.start(ManagerServlet.java:1283)
		at org.apache.catalina.manager.HTMLManagerServlet.start(HTMLManagerServlet.java:642)
		at org.apache.catalina.manager.HTMLManagerServlet.doPost(HTMLManagerServlet.java:188)
		at jakarta.servlet.http.HttpServlet.service(HttpServlet.java:590)
		at jakarta.servlet.http.HttpServlet.service(HttpServlet.java:658)
		at org.apache.catalina.core.ApplicationFilterChain.internalDoFilter(ApplicationFilterChain.java:195)
		at org.apache.catalina.core.ApplicationFilterChain.doFilter(ApplicationFilterChain.java:140)
		at org.apache.catalina.filters.CsrfPreventionFilter.doFilter(CsrfPreventionFilter.java:430)
		at org.apache.catalina.core.ApplicationFilterChain.internalDoFilter(ApplicationFilterChain.java:164)
		at org.apache.catalina.core.ApplicationFilterChain.doFilter(ApplicationFilterChain.java:140)
		at org.apache.tomcat.websocket.server.WsFilter.doFilter(WsFilter.java:51)
		at org.apache.catalina.core.ApplicationFilterChain.internalDoFilter(ApplicationFilterChain.java:164)
		at org.apache.catalina.core.ApplicationFilterChain.doFilter(ApplicationFilterChain.java:140)
		at org.apache.catalina.filters.HttpHeaderSecurityFilter.doFilter(HttpHeaderSecurityFilter.java:129)
		at org.apache.catalina.core.ApplicationFilterChain.internalDoFilter(ApplicationFilterChain.java:164)
		at org.apache.catalina.core.ApplicationFilterChain.doFilter(ApplicationFilterChain.java:140)
		at org.apache.catalina.core.StandardWrapperValve.invoke(StandardWrapperValve.java:167)
		at org.apache.catalina.core.StandardContextValve.invoke(StandardContextValve.java:90)
		at org.apache.catalina.authenticator.AuthenticatorBase.invoke(AuthenticatorBase.java:598)
		at org.apache.catalina.valves.RequestFilterValve.process(RequestFilterValve.java:355)
		at org.apache.catalina.valves.RemoteAddrValve.invoke(RemoteAddrValve.java:54)
		at org.apache.catalina.core.StandardHostValve.invoke(StandardHostValve.java:115)
		at org.apache.catalina.valves.ErrorReportValve.invoke(ErrorReportValve.java:93)
		at org.apache.catalina.valves.AbstractAccessLogValve.invoke(AbstractAccessLogValve.java:663)
		at org.apache.catalina.core.StandardEngineValve.invoke(StandardEngineValve.java:74)
		at org.apache.catalina.connector.CoyoteAdapter.service(CoyoteAdapter.java:344)
		at org.apache.coyote.http11.Http11Processor.service(Http11Processor.java:384)
		at org.apache.coyote.AbstractProcessorLight.process(AbstractProcessorLight.java:63)
		at org.apache.coyote.AbstractProtocol$ConnectionHandler.process(AbstractProtocol.java:905)
		at org.apache.tomcat.util.net.NioEndpoint$SocketProcessor.doRun(NioEndpoint.java:1741)
		at org.apache.tomcat.util.net.SocketProcessorBase.run(SocketProcessorBase.java:52)
		at org.apache.tomcat.util.threads.ThreadPoolExecutor.runWorker(ThreadPoolExecutor.java:1190)
		at org.apache.tomcat.util.threads.ThreadPoolExecutor$Worker.run(ThreadPoolExecutor.java:659)
		at org.apache.tomcat.util.threads.TaskThread$WrappingRunnable.run(TaskThread.java:63)
		at java.base/java.lang.Thread.run(Thread.java:1583)
27-Sep-2024 12:49:57.718 SEVERE [http-nio-8080-exec-22] org.apache.catalina.core.StandardContext.listenerStart Error configuring application listener of class [listeners.SessionListener]
	java.lang.ClassNotFoundException: listeners.SessionListener
		at org.apache.catalina.loader.WebappClassLoaderBase.loadClass(WebappClassLoaderBase.java:1332)
		at org.apache.catalina.loader.WebappClassLoaderBase.loadClass(WebappClassLoaderBase.java:1144)
		at org.apache.catalina.core.DefaultInstanceManager.loadClass(DefaultInstanceManager.java:491)
		at org.apache.catalina.core.DefaultInstanceManager.loadClassMaybePrivileged(DefaultInstanceManager.java:473)
		at org.apache.catalina.core.DefaultInstanceManager.newInstance(DefaultInstanceManager.java:143)
		at org.apache.catalina.core.StandardContext.listenerStart(StandardContext.java:3922)
		at org.apache.catalina.core.StandardContext.startInternal(StandardContext.java:4422)
		at org.apache.catalina.util.LifecycleBase.start(LifecycleBase.java:164)
		at org.apache.catalina.manager.ManagerServlet.start(ManagerServlet.java:1283)
		at org.apache.catalina.manager.HTMLManagerServlet.start(HTMLManagerServlet.java:642)
		at org.apache.catalina.manager.HTMLManagerServlet.doPost(HTMLManagerServlet.java:188)
		at jakarta.servlet.http.HttpServlet.service(HttpServlet.java:590)
		at jakarta.servlet.http.HttpServlet.service(HttpServlet.java:658)
		at org.apache.catalina.core.ApplicationFilterChain.internalDoFilter(ApplicationFilterChain.java:195)
		at org.apache.catalina.core.ApplicationFilterChain.doFilter(ApplicationFilterChain.java:140)
		at org.apache.catalina.filters.CsrfPreventionFilter.doFilter(CsrfPreventionFilter.java:430)
		at org.apache.catalina.core.ApplicationFilterChain.internalDoFilter(ApplicationFilterChain.java:164)
		at org.apache.catalina.core.ApplicationFilterChain.doFilter(ApplicationFilterChain.java:140)
		at org.apache.tomcat.websocket.server.WsFilter.doFilter(WsFilter.java:51)
		at org.apache.catalina.core.ApplicationFilterChain.internalDoFilter(ApplicationFilterChain.java:164)
		at org.apache.catalina.core.ApplicationFilterChain.doFilter(ApplicationFilterChain.java:140)
		at org.apache.catalina.filters.HttpHeaderSecurityFilter.doFilter(HttpHeaderSecurityFilter.java:129)
		at org.apache.catalina.core.ApplicationFilterChain.internalDoFilter(ApplicationFilterChain.java:164)
		at org.apache.catalina.core.ApplicationFilterChain.doFilter(ApplicationFilterChain.java:140)
		at org.apache.catalina.core.StandardWrapperValve.invoke(StandardWrapperValve.java:167)
		at org.apache.catalina.core.StandardContextValve.invoke(StandardContextValve.java:90)
		at org.apache.catalina.authenticator.AuthenticatorBase.invoke(AuthenticatorBase.java:598)
		at org.apache.catalina.valves.RequestFilterValve.process(RequestFilterValve.java:355)
		at org.apache.catalina.valves.RemoteAddrValve.invoke(RemoteAddrValve.java:54)
		at org.apache.catalina.core.StandardHostValve.invoke(StandardHostValve.java:115)
		at org.apache.catalina.valves.ErrorReportValve.invoke(ErrorReportValve.java:93)
		at org.apache.catalina.valves.AbstractAccessLogValve.invoke(AbstractAccessLogValve.java:663)
		at org.apache.catalina.core.StandardEngineValve.invoke(StandardEngineValve.java:74)
		at org.apache.catalina.connector.CoyoteAdapter.service(CoyoteAdapter.java:344)
		at org.apache.coyote.http11.Http11Processor.service(Http11Processor.java:384)
		at org.apache.coyote.AbstractProcessorLight.process(AbstractProcessorLight.java:63)
		at org.apache.coyote.AbstractProtocol$ConnectionHandler.process(AbstractProtocol.java:905)
		at org.apache.tomcat.util.net.NioEndpoint$SocketProcessor.doRun(NioEndpoint.java:1741)
		at org.apache.tomcat.util.net.SocketProcessorBase.run(SocketProcessorBase.java:52)
		at org.apache.tomcat.util.threads.ThreadPoolExecutor.runWorker(ThreadPoolExecutor.java:1190)
		at org.apache.tomcat.util.threads.ThreadPoolExecutor$Worker.run(ThreadPoolExecutor.java:659)
		at org.apache.tomcat.util.threads.TaskThread$WrappingRunnable.run(TaskThread.java:63)
		at java.base/java.lang.Thread.run(Thread.java:1583)
27-Sep-2024 12:49:57.718 SEVERE [http-nio-8080-exec-22] org.apache.catalina.core.StandardContext.listenerStart Error configuring application listener of class [async.AsyncStockContextListener]
	java.lang.ClassNotFoundException: async.AsyncStockContextListener
		at org.apache.catalina.loader.WebappClassLoaderBase.loadClass(WebappClassLoaderBase.java:1332)
		at org.apache.catalina.loader.WebappClassLoaderBase.loadClass(WebappClassLoaderBase.java:1144)
		at org.apache.catalina.core.DefaultInstanceManager.loadClass(DefaultInstanceManager.java:491)
		at org.apache.catalina.core.DefaultInstanceManager.loadClassMaybePrivileged(DefaultInstanceManager.java:473)
		at org.apache.catalina.core.DefaultInstanceManager.newInstance(DefaultInstanceManager.java:143)
		at org.apache.catalina.core.StandardContext.listenerStart(StandardContext.java:3922)
		at org.apache.catalina.core.StandardContext.startInternal(StandardContext.java:4422)
		at org.apache.catalina.util.LifecycleBase.start(LifecycleBase.java:164)
		at org.apache.catalina.manager.ManagerServlet.start(ManagerServlet.java:1283)
		at org.apache.catalina.manager.HTMLManagerServlet.start(HTMLManagerServlet.java:642)
		at org.apache.catalina.manager.HTMLManagerServlet.doPost(HTMLManagerServlet.java:188)
		at jakarta.servlet.http.HttpServlet.service(HttpServlet.java:590)
		at jakarta.servlet.http.HttpServlet.service(HttpServlet.java:658)
		at org.apache.catalina.core.ApplicationFilterChain.internalDoFilter(ApplicationFilterChain.java:195)
		at org.apache.catalina.core.ApplicationFilterChain.doFilter(ApplicationFilterChain.java:140)
		at org.apache.catalina.filters.CsrfPreventionFilter.doFilter(CsrfPreventionFilter.java:430)
		at org.apache.catalina.core.ApplicationFilterChain.internalDoFilter(ApplicationFilterChain.java:164)
		at org.apache.catalina.core.ApplicationFilterChain.doFilter(ApplicationFilterChain.java:140)
		at org.apache.tomcat.websocket.server.WsFilter.doFilter(WsFilter.java:51)
		at org.apache.catalina.core.ApplicationFilterChain.internalDoFilter(ApplicationFilterChain.java:164)
		at org.apache.catalina.core.ApplicationFilterChain.doFilter(ApplicationFilterChain.java:140)
		at org.apache.catalina.filters.HttpHeaderSecurityFilter.doFilter(HttpHeaderSecurityFilter.java:129)
		at org.apache.catalina.core.ApplicationFilterChain.internalDoFilter(ApplicationFilterChain.java:164)
		at org.apache.catalina.core.ApplicationFilterChain.doFilter(ApplicationFilterChain.java:140)
		at org.apache.catalina.core.StandardWrapperValve.invoke(StandardWrapperValve.java:167)
		at org.apache.catalina.core.StandardContextValve.invoke(StandardContextValve.java:90)
		at org.apache.catalina.authenticator.AuthenticatorBase.invoke(AuthenticatorBase.java:598)
		at org.apache.catalina.valves.RequestFilterValve.process(RequestFilterValve.java:355)
		at org.apache.catalina.valves.RemoteAddrValve.invoke(RemoteAddrValve.java:54)
		at org.apache.catalina.core.StandardHostValve.invoke(StandardHostValve.java:115)
		at org.apache.catalina.valves.ErrorReportValve.invoke(ErrorReportValve.java:93)
		at org.apache.catalina.valves.AbstractAccessLogValve.invoke(AbstractAccessLogValve.java:663)
		at org.apache.catalina.core.StandardEngineValve.invoke(StandardEngineValve.java:74)
		at org.apache.catalina.connector.CoyoteAdapter.service(CoyoteAdapter.java:344)
		at org.apache.coyote.http11.Http11Processor.service(Http11Processor.java:384)
		at org.apache.coyote.AbstractProcessorLight.process(AbstractProcessorLight.java:63)
		at org.apache.coyote.AbstractProtocol$ConnectionHandler.process(AbstractProtocol.java:905)
		at org.apache.tomcat.util.net.NioEndpoint$SocketProcessor.doRun(NioEndpoint.java:1741)
		at org.apache.tomcat.util.net.SocketProcessorBase.run(SocketProcessorBase.java:52)
		at org.apache.tomcat.util.threads.ThreadPoolExecutor.runWorker(ThreadPoolExecutor.java:1190)
		at org.apache.tomcat.util.threads.ThreadPoolExecutor$Worker.run(ThreadPoolExecutor.java:659)
		at org.apache.tomcat.util.threads.TaskThread$WrappingRunnable.run(TaskThread.java:63)
		at java.base/java.lang.Thread.run(Thread.java:1583)
27-Sep-2024 12:49:57.718 SEVERE [http-nio-8080-exec-22] org.apache.catalina.core.StandardContext.listenerStart Error configuring application listener of class [websocket.drawboard.DrawboardContextListener]
	java.lang.ClassNotFoundException: websocket.drawboard.DrawboardContextListener
		at org.apache.catalina.loader.WebappClassLoaderBase.loadClass(WebappClassLoaderBase.java:1332)
		at org.apache.catalina.loader.WebappClassLoaderBase.loadClass(WebappClassLoaderBase.java:1144)
		at org.apache.catalina.core.DefaultInstanceManager.loadClass(DefaultInstanceManager.java:491)
		at org.apache.catalina.core.DefaultInstanceManager.loadClassMaybePrivileged(DefaultInstanceManager.java:473)
		at org.apache.catalina.core.DefaultInstanceManager.newInstance(DefaultInstanceManager.java:143)
		at org.apache.catalina.core.StandardContext.listenerStart(StandardContext.java:3922)
		at org.apache.catalina.core.StandardContext.startInternal(StandardContext.java:4422)
		at org.apache.catalina.util.LifecycleBase.start(LifecycleBase.java:164)
		at org.apache.catalina.manager.ManagerServlet.start(ManagerServlet.java:1283)
		at org.apache.catalina.manager.HTMLManagerServlet.start(HTMLManagerServlet.java:642)
		at org.apache.catalina.manager.HTMLManagerServlet.doPost(HTMLManagerServlet.java:188)
		at jakarta.servlet.http.HttpServlet.service(HttpServlet.java:590)
		at jakarta.servlet.http.HttpServlet.service(HttpServlet.java:658)
		at org.apache.catalina.core.ApplicationFilterChain.internalDoFilter(ApplicationFilterChain.java:195)
		at org.apache.catalina.core.ApplicationFilterChain.doFilter(ApplicationFilterChain.java:140)
		at org.apache.catalina.filters.CsrfPreventionFilter.doFilter(CsrfPreventionFilter.java:430)
		at org.apache.catalina.core.ApplicationFilterChain.internalDoFilter(ApplicationFilterChain.java:164)
		at org.apache.catalina.core.ApplicationFilterChain.doFilter(ApplicationFilterChain.java:140)
		at org.apache.tomcat.websocket.server.WsFilter.doFilter(WsFilter.java:51)
		at org.apache.catalina.core.ApplicationFilterChain.internalDoFilter(ApplicationFilterChain.java:164)
		at org.apache.catalina.core.ApplicationFilterChain.doFilter(ApplicationFilterChain.java:140)
		at org.apache.catalina.filters.HttpHeaderSecurityFilter.doFilter(HttpHeaderSecurityFilter.java:129)
		at org.apache.catalina.core.ApplicationFilterChain.internalDoFilter(ApplicationFilterChain.java:164)
		at org.apache.catalina.core.ApplicationFilterChain.doFilter(ApplicationFilterChain.java:140)
		at org.apache.catalina.core.StandardWrapperValve.invoke(StandardWrapperValve.java:167)
		at org.apache.catalina.core.StandardContextValve.invoke(StandardContextValve.java:90)
		at org.apache.catalina.authenticator.AuthenticatorBase.invoke(AuthenticatorBase.java:598)
		at org.apache.catalina.valves.RequestFilterValve.process(RequestFilterValve.java:355)
		at org.apache.catalina.valves.RemoteAddrValve.invoke(RemoteAddrValve.java:54)
		at org.apache.catalina.core.StandardHostValve.invoke(StandardHostValve.java:115)
		at org.apache.catalina.valves.ErrorReportValve.invoke(ErrorReportValve.java:93)
		at org.apache.catalina.valves.AbstractAccessLogValve.invoke(AbstractAccessLogValve.java:663)
		at org.apache.catalina.core.StandardEngineValve.invoke(StandardEngineValve.java:74)
		at org.apache.catalina.connector.CoyoteAdapter.service(CoyoteAdapter.java:344)
		at org.apache.coyote.http11.Http11Processor.service(Http11Processor.java:384)
		at org.apache.coyote.AbstractProcessorLight.process(AbstractProcessorLight.java:63)
		at org.apache.coyote.AbstractProtocol$ConnectionHandler.process(AbstractProtocol.java:905)
		at org.apache.tomcat.util.net.NioEndpoint$SocketProcessor.doRun(NioEndpoint.java:1741)
		at org.apache.tomcat.util.net.SocketProcessorBase.run(SocketProcessorBase.java:52)
		at org.apache.tomcat.util.threads.ThreadPoolExecutor.runWorker(ThreadPoolExecutor.java:1190)
		at org.apache.tomcat.util.threads.ThreadPoolExecutor$Worker.run(ThreadPoolExecutor.java:659)
		at org.apache.tomcat.util.threads.TaskThread$WrappingRunnable.run(TaskThread.java:63)
		at java.base/java.lang.Thread.run(Thread.java:1583)
27-Sep-2024 12:49:57.718 SEVERE [http-nio-8080-exec-22] org.apache.catalina.core.StandardContext.listenerStart Skipped installing application listeners due to previous error(s)
27-Sep-2024 12:50:08.616 SEVERE [http-nio-8080-exec-17] org.apache.catalina.core.StandardContext.listenerStart Error configuring application listener of class [listeners.ContextListener]
	java.lang.ClassNotFoundException: listeners.ContextListener
		at org.apache.catalina.loader.WebappClassLoaderBase.loadClass(WebappClassLoaderBase.java:1332)
		at org.apache.catalina.loader.WebappClassLoaderBase.loadClass(WebappClassLoaderBase.java:1144)
		at org.apache.catalina.core.DefaultInstanceManager.loadClass(DefaultInstanceManager.java:491)
		at org.apache.catalina.core.DefaultInstanceManager.loadClassMaybePrivileged(DefaultInstanceManager.java:473)
		at org.apache.catalina.core.DefaultInstanceManager.newInstance(DefaultInstanceManager.java:143)
		at org.apache.catalina.core.StandardContext.listenerStart(StandardContext.java:3922)
		at org.apache.catalina.core.StandardContext.startInternal(StandardContext.java:4422)
		at org.apache.catalina.util.LifecycleBase.start(LifecycleBase.java:164)
		at org.apache.catalina.manager.ManagerServlet.start(ManagerServlet.java:1283)
		at org.apache.catalina.manager.HTMLManagerServlet.start(HTMLManagerServlet.java:642)
		at org.apache.catalina.manager.HTMLManagerServlet.doPost(HTMLManagerServlet.java:188)
		at jakarta.servlet.http.HttpServlet.service(HttpServlet.java:590)
		at jakarta.servlet.http.HttpServlet.service(HttpServlet.java:658)
		at org.apache.catalina.core.ApplicationFilterChain.internalDoFilter(ApplicationFilterChain.java:195)
		at org.apache.catalina.core.ApplicationFilterChain.doFilter(ApplicationFilterChain.java:140)
		at org.apache.catalina.filters.CsrfPreventionFilter.doFilter(CsrfPreventionFilter.java:430)
		at org.apache.catalina.core.ApplicationFilterChain.internalDoFilter(ApplicationFilterChain.java:164)
		at org.apache.catalina.core.ApplicationFilterChain.doFilter(ApplicationFilterChain.java:140)
		at org.apache.tomcat.websocket.server.WsFilter.doFilter(WsFilter.java:51)
		at org.apache.catalina.core.ApplicationFilterChain.internalDoFilter(ApplicationFilterChain.java:164)
		at org.apache.catalina.core.ApplicationFilterChain.doFilter(ApplicationFilterChain.java:140)
		at org.apache.catalina.filters.HttpHeaderSecurityFilter.doFilter(HttpHeaderSecurityFilter.java:129)
		at org.apache.catalina.core.ApplicationFilterChain.internalDoFilter(ApplicationFilterChain.java:164)
		at org.apache.catalina.core.ApplicationFilterChain.doFilter(ApplicationFilterChain.java:140)
		at org.apache.catalina.core.StandardWrapperValve.invoke(StandardWrapperValve.java:167)
		at org.apache.catalina.core.StandardContextValve.invoke(StandardContextValve.java:90)
		at org.apache.catalina.authenticator.AuthenticatorBase.invoke(AuthenticatorBase.java:598)
		at org.apache.catalina.valves.RequestFilterValve.process(RequestFilterValve.java:355)
		at org.apache.catalina.valves.RemoteAddrValve.invoke(RemoteAddrValve.java:54)
		at org.apache.catalina.core.StandardHostValve.invoke(StandardHostValve.java:115)
		at org.apache.catalina.valves.ErrorReportValve.invoke(ErrorReportValve.java:93)
		at org.apache.catalina.valves.AbstractAccessLogValve.invoke(AbstractAccessLogValve.java:663)
		at org.apache.catalina.core.StandardEngineValve.invoke(StandardEngineValve.java:74)
		at org.apache.catalina.connector.CoyoteAdapter.service(CoyoteAdapter.java:344)
		at org.apache.coyote.http11.Http11Processor.service(Http11Processor.java:384)
		at org.apache.coyote.AbstractProcessorLight.process(AbstractProcessorLight.java:63)
		at org.apache.coyote.AbstractProtocol$ConnectionHandler.process(AbstractProtocol.java:905)
		at org.apache.tomcat.util.net.NioEndpoint$SocketProcessor.doRun(NioEndpoint.java:1741)
		at org.apache.tomcat.util.net.SocketProcessorBase.run(SocketProcessorBase.java:52)
		at org.apache.tomcat.util.threads.ThreadPoolExecutor.runWorker(ThreadPoolExecutor.java:1190)
		at org.apache.tomcat.util.threads.ThreadPoolExecutor$Worker.run(ThreadPoolExecutor.java:659)
		at org.apache.tomcat.util.threads.TaskThread$WrappingRunnable.run(TaskThread.java:63)
		at java.base/java.lang.Thread.run(Thread.java:1583)
27-Sep-2024 12:50:08.616 SEVERE [http-nio-8080-exec-17] org.apache.catalina.core.StandardContext.listenerStart Error configuring application listener of class [listeners.SessionListener]
	java.lang.ClassNotFoundException: listeners.SessionListener
		at org.apache.catalina.loader.WebappClassLoaderBase.loadClass(WebappClassLoaderBase.java:1332)
		at org.apache.catalina.loader.WebappClassLoaderBase.loadClass(WebappClassLoaderBase.java:1144)
		at org.apache.catalina.core.DefaultInstanceManager.loadClass(DefaultInstanceManager.java:491)
		at org.apache.catalina.core.DefaultInstanceManager.loadClassMaybePrivileged(DefaultInstanceManager.java:473)
		at org.apache.catalina.core.DefaultInstanceManager.newInstance(DefaultInstanceManager.java:143)
		at org.apache.catalina.core.StandardContext.listenerStart(StandardContext.java:3922)
		at org.apache.catalina.core.StandardContext.startInternal(StandardContext.java:4422)
		at org.apache.catalina.util.LifecycleBase.start(LifecycleBase.java:164)
		at org.apache.catalina.manager.ManagerServlet.start(ManagerServlet.java:1283)
		at org.apache.catalina.manager.HTMLManagerServlet.start(HTMLManagerServlet.java:642)
		at org.apache.catalina.manager.HTMLManagerServlet.doPost(HTMLManagerServlet.java:188)
		at jakarta.servlet.http.HttpServlet.service(HttpServlet.java:590)
		at jakarta.servlet.http.HttpServlet.service(HttpServlet.java:658)
		at org.apache.catalina.core.ApplicationFilterChain.internalDoFilter(ApplicationFilterChain.java:195)
		at org.apache.catalina.core.ApplicationFilterChain.doFilter(ApplicationFilterChain.java:140)
		at org.apache.catalina.filters.CsrfPreventionFilter.doFilter(CsrfPreventionFilter.java:430)
		at org.apache.catalina.core.ApplicationFilterChain.internalDoFilter(ApplicationFilterChain.java:164)
		at org.apache.catalina.core.ApplicationFilterChain.doFilter(ApplicationFilterChain.java:140)
		at org.apache.tomcat.websocket.server.WsFilter.doFilter(WsFilter.java:51)
		at org.apache.catalina.core.ApplicationFilterChain.internalDoFilter(ApplicationFilterChain.java:164)
		at org.apache.catalina.core.ApplicationFilterChain.doFilter(ApplicationFilterChain.java:140)
		at org.apache.catalina.filters.HttpHeaderSecurityFilter.doFilter(HttpHeaderSecurityFilter.java:129)
		at org.apache.catalina.core.ApplicationFilterChain.internalDoFilter(ApplicationFilterChain.java:164)
		at org.apache.catalina.core.ApplicationFilterChain.doFilter(ApplicationFilterChain.java:140)
		at org.apache.catalina.core.StandardWrapperValve.invoke(StandardWrapperValve.java:167)
		at org.apache.catalina.core.StandardContextValve.invoke(StandardContextValve.java:90)
		at org.apache.catalina.authenticator.AuthenticatorBase.invoke(AuthenticatorBase.java:598)
		at org.apache.catalina.valves.RequestFilterValve.process(RequestFilterValve.java:355)
		at org.apache.catalina.valves.RemoteAddrValve.invoke(RemoteAddrValve.java:54)
		at org.apache.catalina.core.StandardHostValve.invoke(StandardHostValve.java:115)
		at org.apache.catalina.valves.ErrorReportValve.invoke(ErrorReportValve.java:93)
		at org.apache.catalina.valves.AbstractAccessLogValve.invoke(AbstractAccessLogValve.java:663)
		at org.apache.catalina.core.StandardEngineValve.invoke(StandardEngineValve.java:74)
		at org.apache.catalina.connector.CoyoteAdapter.service(CoyoteAdapter.java:344)
		at org.apache.coyote.http11.Http11Processor.service(Http11Processor.java:384)
		at org.apache.coyote.AbstractProcessorLight.process(AbstractProcessorLight.java:63)
		at org.apache.coyote.AbstractProtocol$ConnectionHandler.process(AbstractProtocol.java:905)
		at org.apache.tomcat.util.net.NioEndpoint$SocketProcessor.doRun(NioEndpoint.java:1741)
		at org.apache.tomcat.util.net.SocketProcessorBase.run(SocketProcessorBase.java:52)
		at org.apache.tomcat.util.threads.ThreadPoolExecutor.runWorker(ThreadPoolExecutor.java:1190)
		at org.apache.tomcat.util.threads.ThreadPoolExecutor$Worker.run(ThreadPoolExecutor.java:659)
		at org.apache.tomcat.util.threads.TaskThread$WrappingRunnable.run(TaskThread.java:63)
		at java.base/java.lang.Thread.run(Thread.java:1583)
27-Sep-2024 12:50:08.616 SEVERE [http-nio-8080-exec-17] org.apache.catalina.core.StandardContext.listenerStart Error configuring application listener of class [async.AsyncStockContextListener]
	java.lang.ClassNotFoundException: async.AsyncStockContextListener
		at org.apache.catalina.loader.WebappClassLoaderBase.loadClass(WebappClassLoaderBase.java:1332)
		at org.apache.catalina.loader.WebappClassLoaderBase.loadClass(WebappClassLoaderBase.java:1144)
		at org.apache.catalina.core.DefaultInstanceManager.loadClass(DefaultInstanceManager.java:491)
		at org.apache.catalina.core.DefaultInstanceManager.loadClassMaybePrivileged(DefaultInstanceManager.java:473)
		at org.apache.catalina.core.DefaultInstanceManager.newInstance(DefaultInstanceManager.java:143)
		at org.apache.catalina.core.StandardContext.listenerStart(StandardContext.java:3922)
		at org.apache.catalina.core.StandardContext.startInternal(StandardContext.java:4422)
		at org.apache.catalina.util.LifecycleBase.start(LifecycleBase.java:164)
		at org.apache.catalina.manager.ManagerServlet.start(ManagerServlet.java:1283)
		at org.apache.catalina.manager.HTMLManagerServlet.start(HTMLManagerServlet.java:642)
		at org.apache.catalina.manager.HTMLManagerServlet.doPost(HTMLManagerServlet.java:188)
		at jakarta.servlet.http.HttpServlet.service(HttpServlet.java:590)
		at jakarta.servlet.http.HttpServlet.service(HttpServlet.java:658)
		at org.apache.catalina.core.ApplicationFilterChain.internalDoFilter(ApplicationFilterChain.java:195)
		at org.apache.catalina.core.ApplicationFilterChain.doFilter(ApplicationFilterChain.java:140)
		at org.apache.catalina.filters.CsrfPreventionFilter.doFilter(CsrfPreventionFilter.java:430)
		at org.apache.catalina.core.ApplicationFilterChain.internalDoFilter(ApplicationFilterChain.java:164)
		at org.apache.catalina.core.ApplicationFilterChain.doFilter(ApplicationFilterChain.java:140)
		at org.apache.tomcat.websocket.server.WsFilter.doFilter(WsFilter.java:51)
		at org.apache.catalina.core.ApplicationFilterChain.internalDoFilter(ApplicationFilterChain.java:164)
		at org.apache.catalina.core.ApplicationFilterChain.doFilter(ApplicationFilterChain.java:140)
		at org.apache.catalina.filters.HttpHeaderSecurityFilter.doFilter(HttpHeaderSecurityFilter.java:129)
		at org.apache.catalina.core.ApplicationFilterChain.internalDoFilter(ApplicationFilterChain.java:164)
		at org.apache.catalina.core.ApplicationFilterChain.doFilter(ApplicationFilterChain.java:140)
		at org.apache.catalina.core.StandardWrapperValve.invoke(StandardWrapperValve.java:167)
		at org.apache.catalina.core.StandardContextValve.invoke(StandardContextValve.java:90)
		at org.apache.catalina.authenticator.AuthenticatorBase.invoke(AuthenticatorBase.java:598)
		at org.apache.catalina.valves.RequestFilterValve.process(RequestFilterValve.java:355)
		at org.apache.catalina.valves.RemoteAddrValve.invoke(RemoteAddrValve.java:54)
		at org.apache.catalina.core.StandardHostValve.invoke(StandardHostValve.java:115)
		at org.apache.catalina.valves.ErrorReportValve.invoke(ErrorReportValve.java:93)
		at org.apache.catalina.valves.AbstractAccessLogValve.invoke(AbstractAccessLogValve.java:663)
		at org.apache.catalina.core.StandardEngineValve.invoke(StandardEngineValve.java:74)
		at org.apache.catalina.connector.CoyoteAdapter.service(CoyoteAdapter.java:344)
		at org.apache.coyote.http11.Http11Processor.service(Http11Processor.java:384)
		at org.apache.coyote.AbstractProcessorLight.process(AbstractProcessorLight.java:63)
		at org.apache.coyote.AbstractProtocol$ConnectionHandler.process(AbstractProtocol.java:905)
		at org.apache.tomcat.util.net.NioEndpoint$SocketProcessor.doRun(NioEndpoint.java:1741)
		at org.apache.tomcat.util.net.SocketProcessorBase.run(SocketProcessorBase.java:52)
		at org.apache.tomcat.util.threads.ThreadPoolExecutor.runWorker(ThreadPoolExecutor.java:1190)
		at org.apache.tomcat.util.threads.ThreadPoolExecutor$Worker.run(ThreadPoolExecutor.java:659)
		at org.apache.tomcat.util.threads.TaskThread$WrappingRunnable.run(TaskThread.java:63)
		at java.base/java.lang.Thread.run(Thread.java:1583)
27-Sep-2024 12:50:08.616 SEVERE [http-nio-8080-exec-17] org.apache.catalina.core.StandardContext.listenerStart Error configuring application listener of class [websocket.drawboard.DrawboardContextListener]
	java.lang.ClassNotFoundException: websocket.drawboard.DrawboardContextListener
		at org.apache.catalina.loader.WebappClassLoaderBase.loadClass(WebappClassLoaderBase.java:1332)
		at org.apache.catalina.loader.WebappClassLoaderBase.loadClass(WebappClassLoaderBase.java:1144)
		at org.apache.catalina.core.DefaultInstanceManager.loadClass(DefaultInstanceManager.java:491)
		at org.apache.catalina.core.DefaultInstanceManager.loadClassMaybePrivileged(DefaultInstanceManager.java:473)
		at org.apache.catalina.core.DefaultInstanceManager.newInstance(DefaultInstanceManager.java:143)
		at org.apache.catalina.core.StandardContext.listenerStart(StandardContext.java:3922)
		at org.apache.catalina.core.StandardContext.startInternal(StandardContext.java:4422)
		at org.apache.catalina.util.LifecycleBase.start(LifecycleBase.java:164)
		at org.apache.catalina.manager.ManagerServlet.start(ManagerServlet.java:1283)
		at org.apache.catalina.manager.HTMLManagerServlet.start(HTMLManagerServlet.java:642)
		at org.apache.catalina.manager.HTMLManagerServlet.doPost(HTMLManagerServlet.java:188)
		at jakarta.servlet.http.HttpServlet.service(HttpServlet.java:590)
		at jakarta.servlet.http.HttpServlet.service(HttpServlet.java:658)
		at org.apache.catalina.core.ApplicationFilterChain.internalDoFilter(ApplicationFilterChain.java:195)
		at org.apache.catalina.core.ApplicationFilterChain.doFilter(ApplicationFilterChain.java:140)
		at org.apache.catalina.filters.CsrfPreventionFilter.doFilter(CsrfPreventionFilter.java:430)
		at org.apache.catalina.core.ApplicationFilterChain.internalDoFilter(ApplicationFilterChain.java:164)
		at org.apache.catalina.core.ApplicationFilterChain.doFilter(ApplicationFilterChain.java:140)
		at org.apache.tomcat.websocket.server.WsFilter.doFilter(WsFilter.java:51)
		at org.apache.catalina.core.ApplicationFilterChain.internalDoFilter(ApplicationFilterChain.java:164)
		at org.apache.catalina.core.ApplicationFilterChain.doFilter(ApplicationFilterChain.java:140)
		at org.apache.catalina.filters.HttpHeaderSecurityFilter.doFilter(HttpHeaderSecurityFilter.java:129)
		at org.apache.catalina.core.ApplicationFilterChain.internalDoFilter(ApplicationFilterChain.java:164)
		at org.apache.catalina.core.ApplicationFilterChain.doFilter(ApplicationFilterChain.java:140)
		at org.apache.catalina.core.StandardWrapperValve.invoke(StandardWrapperValve.java:167)
		at org.apache.catalina.core.StandardContextValve.invoke(StandardContextValve.java:90)
		at org.apache.catalina.authenticator.AuthenticatorBase.invoke(AuthenticatorBase.java:598)
		at org.apache.catalina.valves.RequestFilterValve.process(RequestFilterValve.java:355)
		at org.apache.catalina.valves.RemoteAddrValve.invoke(RemoteAddrValve.java:54)
		at org.apache.catalina.core.StandardHostValve.invoke(StandardHostValve.java:115)
		at org.apache.catalina.valves.ErrorReportValve.invoke(ErrorReportValve.java:93)
		at org.apache.catalina.valves.AbstractAccessLogValve.invoke(AbstractAccessLogValve.java:663)
		at org.apache.catalina.core.StandardEngineValve.invoke(StandardEngineValve.java:74)
		at org.apache.catalina.connector.CoyoteAdapter.service(CoyoteAdapter.java:344)
		at org.apache.coyote.http11.Http11Processor.service(Http11Processor.java:384)
		at org.apache.coyote.AbstractProcessorLight.process(AbstractProcessorLight.java:63)
		at org.apache.coyote.AbstractProtocol$ConnectionHandler.process(AbstractProtocol.java:905)
		at org.apache.tomcat.util.net.NioEndpoint$SocketProcessor.doRun(NioEndpoint.java:1741)
		at org.apache.tomcat.util.net.SocketProcessorBase.run(SocketProcessorBase.java:52)
		at org.apache.tomcat.util.threads.ThreadPoolExecutor.runWorker(ThreadPoolExecutor.java:1190)
		at org.apache.tomcat.util.threads.ThreadPoolExecutor$Worker.run(ThreadPoolExecutor.java:659)
		at org.apache.tomcat.util.threads.TaskThread$WrappingRunnable.run(TaskThread.java:63)
		at java.base/java.lang.Thread.run(Thread.java:1583)
27-Sep-2024 12:50:08.616 SEVERE [http-nio-8080-exec-17] org.apache.catalina.core.StandardContext.listenerStart Skipped installing application listeners due to previous error(s)
27-Sep-2024 12:50:21.383 SEVERE [http-nio-8080-exec-19] org.apache.catalina.core.StandardContext.listenerStart Error configuring application listener of class [listeners.ContextListener]
	java.lang.ClassNotFoundException: listeners.ContextListener
		at org.apache.catalina.loader.WebappClassLoaderBase.loadClass(WebappClassLoaderBase.java:1332)
		at org.apache.catalina.loader.WebappClassLoaderBase.loadClass(WebappClassLoaderBase.java:1144)
		at org.apache.catalina.core.DefaultInstanceManager.loadClass(DefaultInstanceManager.java:491)
		at org.apache.catalina.core.DefaultInstanceManager.loadClassMaybePrivileged(DefaultInstanceManager.java:473)
		at org.apache.catalina.core.DefaultInstanceManager.newInstance(DefaultInstanceManager.java:143)
		at org.apache.catalina.core.StandardContext.listenerStart(StandardContext.java:3922)
		at org.apache.catalina.core.StandardContext.startInternal(StandardContext.java:4422)
		at org.apache.catalina.util.LifecycleBase.start(LifecycleBase.java:164)
		at org.apache.catalina.manager.ManagerServlet.start(ManagerServlet.java:1283)
		at org.apache.catalina.manager.HTMLManagerServlet.start(HTMLManagerServlet.java:642)
		at org.apache.catalina.manager.HTMLManagerServlet.doPost(HTMLManagerServlet.java:188)
		at jakarta.servlet.http.HttpServlet.service(HttpServlet.java:590)
		at jakarta.servlet.http.HttpServlet.service(HttpServlet.java:658)
		at org.apache.catalina.core.ApplicationFilterChain.internalDoFilter(ApplicationFilterChain.java:195)
		at org.apache.catalina.core.ApplicationFilterChain.doFilter(ApplicationFilterChain.java:140)
		at org.apache.catalina.filters.CsrfPreventionFilter.doFilter(CsrfPreventionFilter.java:430)
		at org.apache.catalina.core.ApplicationFilterChain.internalDoFilter(ApplicationFilterChain.java:164)
		at org.apache.catalina.core.ApplicationFilterChain.doFilter(ApplicationFilterChain.java:140)
		at org.apache.tomcat.websocket.server.WsFilter.doFilter(WsFilter.java:51)
		at org.apache.catalina.core.ApplicationFilterChain.internalDoFilter(ApplicationFilterChain.java:164)
		at org.apache.catalina.core.ApplicationFilterChain.doFilter(ApplicationFilterChain.java:140)
		at org.apache.catalina.filters.HttpHeaderSecurityFilter.doFilter(HttpHeaderSecurityFilter.java:129)
		at org.apache.catalina.core.ApplicationFilterChain.internalDoFilter(ApplicationFilterChain.java:164)
		at org.apache.catalina.core.ApplicationFilterChain.doFilter(ApplicationFilterChain.java:140)
		at org.apache.catalina.core.StandardWrapperValve.invoke(StandardWrapperValve.java:167)
		at org.apache.catalina.core.StandardContextValve.invoke(StandardContextValve.java:90)
		at org.apache.catalina.authenticator.AuthenticatorBase.invoke(AuthenticatorBase.java:598)
		at org.apache.catalina.valves.RequestFilterValve.process(RequestFilterValve.java:355)
		at org.apache.catalina.valves.RemoteAddrValve.invoke(RemoteAddrValve.java:54)
		at org.apache.catalina.core.StandardHostValve.invoke(StandardHostValve.java:115)
		at org.apache.catalina.valves.ErrorReportValve.invoke(ErrorReportValve.java:93)
		at org.apache.catalina.valves.AbstractAccessLogValve.invoke(AbstractAccessLogValve.java:663)
		at org.apache.catalina.core.StandardEngineValve.invoke(StandardEngineValve.java:74)
		at org.apache.catalina.connector.CoyoteAdapter.service(CoyoteAdapter.java:344)
		at org.apache.coyote.http11.Http11Processor.service(Http11Processor.java:384)
		at org.apache.coyote.AbstractProcessorLight.process(AbstractProcessorLight.java:63)
		at org.apache.coyote.AbstractProtocol$ConnectionHandler.process(AbstractProtocol.java:905)
		at org.apache.tomcat.util.net.NioEndpoint$SocketProcessor.doRun(NioEndpoint.java:1741)
		at org.apache.tomcat.util.net.SocketProcessorBase.run(SocketProcessorBase.java:52)
		at org.apache.tomcat.util.threads.ThreadPoolExecutor.runWorker(ThreadPoolExecutor.java:1190)
		at org.apache.tomcat.util.threads.ThreadPoolExecutor$Worker.run(ThreadPoolExecutor.java:659)
		at org.apache.tomcat.util.threads.TaskThread$WrappingRunnable.run(TaskThread.java:63)
		at java.base/java.lang.Thread.run(Thread.java:1583)
27-Sep-2024 12:50:21.384 SEVERE [http-nio-8080-exec-19] org.apache.catalina.core.StandardContext.listenerStart Error configuring application listener of class [listeners.SessionListener]
	java.lang.ClassNotFoundException: listeners.SessionListener
		at org.apache.catalina.loader.WebappClassLoaderBase.loadClass(WebappClassLoaderBase.java:1332)
		at org.apache.catalina.loader.WebappClassLoaderBase.loadClass(WebappClassLoaderBase.java:1144)
		at org.apache.catalina.core.DefaultInstanceManager.loadClass(DefaultInstanceManager.java:491)
		at org.apache.catalina.core.DefaultInstanceManager.loadClassMaybePrivileged(DefaultInstanceManager.java:473)
		at org.apache.catalina.core.DefaultInstanceManager.newInstance(DefaultInstanceManager.java:143)
		at org.apache.catalina.core.StandardContext.listenerStart(StandardContext.java:3922)
		at org.apache.catalina.core.StandardContext.startInternal(StandardContext.java:4422)
		at org.apache.catalina.util.LifecycleBase.start(LifecycleBase.java:164)
		at org.apache.catalina.manager.ManagerServlet.start(ManagerServlet.java:1283)
		at org.apache.catalina.manager.HTMLManagerServlet.start(HTMLManagerServlet.java:642)
		at org.apache.catalina.manager.HTMLManagerServlet.doPost(HTMLManagerServlet.java:188)
		at jakarta.servlet.http.HttpServlet.service(HttpServlet.java:590)
		at jakarta.servlet.http.HttpServlet.service(HttpServlet.java:658)
		at org.apache.catalina.core.ApplicationFilterChain.internalDoFilter(ApplicationFilterChain.java:195)
		at org.apache.catalina.core.ApplicationFilterChain.doFilter(ApplicationFilterChain.java:140)
		at org.apache.catalina.filters.CsrfPreventionFilter.doFilter(CsrfPreventionFilter.java:430)
		at org.apache.catalina.core.ApplicationFilterChain.internalDoFilter(ApplicationFilterChain.java:164)
		at org.apache.catalina.core.ApplicationFilterChain.doFilter(ApplicationFilterChain.java:140)
		at org.apache.tomcat.websocket.server.WsFilter.doFilter(WsFilter.java:51)
		at org.apache.catalina.core.ApplicationFilterChain.internalDoFilter(ApplicationFilterChain.java:164)
		at org.apache.catalina.core.ApplicationFilterChain.doFilter(ApplicationFilterChain.java:140)
		at org.apache.catalina.filters.HttpHeaderSecurityFilter.doFilter(HttpHeaderSecurityFilter.java:129)
		at org.apache.catalina.core.ApplicationFilterChain.internalDoFilter(ApplicationFilterChain.java:164)
		at org.apache.catalina.core.ApplicationFilterChain.doFilter(ApplicationFilterChain.java:140)
		at org.apache.catalina.core.StandardWrapperValve.invoke(StandardWrapperValve.java:167)
		at org.apache.catalina.core.StandardContextValve.invoke(StandardContextValve.java:90)
		at org.apache.catalina.authenticator.AuthenticatorBase.invoke(AuthenticatorBase.java:598)
		at org.apache.catalina.valves.RequestFilterValve.process(RequestFilterValve.java:355)
		at org.apache.catalina.valves.RemoteAddrValve.invoke(RemoteAddrValve.java:54)
		at org.apache.catalina.core.StandardHostValve.invoke(StandardHostValve.java:115)
		at org.apache.catalina.valves.ErrorReportValve.invoke(ErrorReportValve.java:93)
		at org.apache.catalina.valves.AbstractAccessLogValve.invoke(AbstractAccessLogValve.java:663)
		at org.apache.catalina.core.StandardEngineValve.invoke(StandardEngineValve.java:74)
		at org.apache.catalina.connector.CoyoteAdapter.service(CoyoteAdapter.java:344)
		at org.apache.coyote.http11.Http11Processor.service(Http11Processor.java:384)
		at org.apache.coyote.AbstractProcessorLight.process(AbstractProcessorLight.java:63)
		at org.apache.coyote.AbstractProtocol$ConnectionHandler.process(AbstractProtocol.java:905)
		at org.apache.tomcat.util.net.NioEndpoint$SocketProcessor.doRun(NioEndpoint.java:1741)
		at org.apache.tomcat.util.net.SocketProcessorBase.run(SocketProcessorBase.java:52)
		at org.apache.tomcat.util.threads.ThreadPoolExecutor.runWorker(ThreadPoolExecutor.java:1190)
		at org.apache.tomcat.util.threads.ThreadPoolExecutor$Worker.run(ThreadPoolExecutor.java:659)
		at org.apache.tomcat.util.threads.TaskThread$WrappingRunnable.run(TaskThread.java:63)
		at java.base/java.lang.Thread.run(Thread.java:1583)
27-Sep-2024 12:50:21.384 SEVERE [http-nio-8080-exec-19] org.apache.catalina.core.StandardContext.listenerStart Error configuring application listener of class [async.AsyncStockContextListener]
	java.lang.ClassNotFoundException: async.AsyncStockContextListener
		at org.apache.catalina.loader.WebappClassLoaderBase.loadClass(WebappClassLoaderBase.java:1332)
		at org.apache.catalina.loader.WebappClassLoaderBase.loadClass(WebappClassLoaderBase.java:1144)
		at org.apache.catalina.core.DefaultInstanceManager.loadClass(DefaultInstanceManager.java:491)
		at org.apache.catalina.core.DefaultInstanceManager.loadClassMaybePrivileged(DefaultInstanceManager.java:473)
		at org.apache.catalina.core.DefaultInstanceManager.newInstance(DefaultInstanceManager.java:143)
		at org.apache.catalina.core.StandardContext.listenerStart(StandardContext.java:3922)
		at org.apache.catalina.core.StandardContext.startInternal(StandardContext.java:4422)
		at org.apache.catalina.util.LifecycleBase.start(LifecycleBase.java:164)
		at org.apache.catalina.manager.ManagerServlet.start(ManagerServlet.java:1283)
		at org.apache.catalina.manager.HTMLManagerServlet.start(HTMLManagerServlet.java:642)
		at org.apache.catalina.manager.HTMLManagerServlet.doPost(HTMLManagerServlet.java:188)
		at jakarta.servlet.http.HttpServlet.service(HttpServlet.java:590)
		at jakarta.servlet.http.HttpServlet.service(HttpServlet.java:658)
		at org.apache.catalina.core.ApplicationFilterChain.internalDoFilter(ApplicationFilterChain.java:195)
		at org.apache.catalina.core.ApplicationFilterChain.doFilter(ApplicationFilterChain.java:140)
		at org.apache.catalina.filters.CsrfPreventionFilter.doFilter(CsrfPreventionFilter.java:430)
		at org.apache.catalina.core.ApplicationFilterChain.internalDoFilter(ApplicationFilterChain.java:164)
		at org.apache.catalina.core.ApplicationFilterChain.doFilter(ApplicationFilterChain.java:140)
		at org.apache.tomcat.websocket.server.WsFilter.doFilter(WsFilter.java:51)
		at org.apache.catalina.core.ApplicationFilterChain.internalDoFilter(ApplicationFilterChain.java:164)
		at org.apache.catalina.core.ApplicationFilterChain.doFilter(ApplicationFilterChain.java:140)
		at org.apache.catalina.filters.HttpHeaderSecurityFilter.doFilter(HttpHeaderSecurityFilter.java:129)
		at org.apache.catalina.core.ApplicationFilterChain.internalDoFilter(ApplicationFilterChain.java:164)
		at org.apache.catalina.core.ApplicationFilterChain.doFilter(ApplicationFilterChain.java:140)
		at org.apache.catalina.core.StandardWrapperValve.invoke(StandardWrapperValve.java:167)
		at org.apache.catalina.core.StandardContextValve.invoke(StandardContextValve.java:90)
		at org.apache.catalina.authenticator.AuthenticatorBase.invoke(AuthenticatorBase.java:598)
		at org.apache.catalina.valves.RequestFilterValve.process(RequestFilterValve.java:355)
		at org.apache.catalina.valves.RemoteAddrValve.invoke(RemoteAddrValve.java:54)
		at org.apache.catalina.core.StandardHostValve.invoke(StandardHostValve.java:115)
		at org.apache.catalina.valves.ErrorReportValve.invoke(ErrorReportValve.java:93)
		at org.apache.catalina.valves.AbstractAccessLogValve.invoke(AbstractAccessLogValve.java:663)
		at org.apache.catalina.core.StandardEngineValve.invoke(StandardEngineValve.java:74)
		at org.apache.catalina.connector.CoyoteAdapter.service(CoyoteAdapter.java:344)
		at org.apache.coyote.http11.Http11Processor.service(Http11Processor.java:384)
		at org.apache.coyote.AbstractProcessorLight.process(AbstractProcessorLight.java:63)
		at org.apache.coyote.AbstractProtocol$ConnectionHandler.process(AbstractProtocol.java:905)
		at org.apache.tomcat.util.net.NioEndpoint$SocketProcessor.doRun(NioEndpoint.java:1741)
		at org.apache.tomcat.util.net.SocketProcessorBase.run(SocketProcessorBase.java:52)
		at org.apache.tomcat.util.threads.ThreadPoolExecutor.runWorker(ThreadPoolExecutor.java:1190)
		at org.apache.tomcat.util.threads.ThreadPoolExecutor$Worker.run(ThreadPoolExecutor.java:659)
		at org.apache.tomcat.util.threads.TaskThread$WrappingRunnable.run(TaskThread.java:63)
		at java.base/java.lang.Thread.run(Thread.java:1583)
27-Sep-2024 12:50:21.384 SEVERE [http-nio-8080-exec-19] org.apache.catalina.core.StandardContext.listenerStart Error configuring application listener of class [websocket.drawboard.DrawboardContextListener]
	java.lang.ClassNotFoundException: websocket.drawboard.DrawboardContextListener
		at org.apache.catalina.loader.WebappClassLoaderBase.loadClass(WebappClassLoaderBase.java:1332)
		at org.apache.catalina.loader.WebappClassLoaderBase.loadClass(WebappClassLoaderBase.java:1144)
		at org.apache.catalina.core.DefaultInstanceManager.loadClass(DefaultInstanceManager.java:491)
		at org.apache.catalina.core.DefaultInstanceManager.loadClassMaybePrivileged(DefaultInstanceManager.java:473)
		at org.apache.catalina.core.DefaultInstanceManager.newInstance(DefaultInstanceManager.java:143)
		at org.apache.catalina.core.StandardContext.listenerStart(StandardContext.java:3922)
		at org.apache.catalina.core.StandardContext.startInternal(StandardContext.java:4422)
		at org.apache.catalina.util.LifecycleBase.start(LifecycleBase.java:164)
		at org.apache.catalina.manager.ManagerServlet.start(ManagerServlet.java:1283)
		at org.apache.catalina.manager.HTMLManagerServlet.start(HTMLManagerServlet.java:642)
		at org.apache.catalina.manager.HTMLManagerServlet.doPost(HTMLManagerServlet.java:188)
		at jakarta.servlet.http.HttpServlet.service(HttpServlet.java:590)
		at jakarta.servlet.http.HttpServlet.service(HttpServlet.java:658)
		at org.apache.catalina.core.ApplicationFilterChain.internalDoFilter(ApplicationFilterChain.java:195)
		at org.apache.catalina.core.ApplicationFilterChain.doFilter(ApplicationFilterChain.java:140)
		at org.apache.catalina.filters.CsrfPreventionFilter.doFilter(CsrfPreventionFilter.java:430)
		at org.apache.catalina.core.ApplicationFilterChain.internalDoFilter(ApplicationFilterChain.java:164)
		at org.apache.catalina.core.ApplicationFilterChain.doFilter(ApplicationFilterChain.java:140)
		at org.apache.tomcat.websocket.server.WsFilter.doFilter(WsFilter.java:51)
		at org.apache.catalina.core.ApplicationFilterChain.internalDoFilter(ApplicationFilterChain.java:164)
		at org.apache.catalina.core.ApplicationFilterChain.doFilter(ApplicationFilterChain.java:140)
		at org.apache.catalina.filters.HttpHeaderSecurityFilter.doFilter(HttpHeaderSecurityFilter.java:129)
		at org.apache.catalina.core.ApplicationFilterChain.internalDoFilter(ApplicationFilterChain.java:164)
		at org.apache.catalina.core.ApplicationFilterChain.doFilter(ApplicationFilterChain.java:140)
		at org.apache.catalina.core.StandardWrapperValve.invoke(StandardWrapperValve.java:167)
		at org.apache.catalina.core.StandardContextValve.invoke(StandardContextValve.java:90)
		at org.apache.catalina.authenticator.AuthenticatorBase.invoke(AuthenticatorBase.java:598)
		at org.apache.catalina.valves.RequestFilterValve.process(RequestFilterValve.java:355)
		at org.apache.catalina.valves.RemoteAddrValve.invoke(RemoteAddrValve.java:54)
		at org.apache.catalina.core.StandardHostValve.invoke(StandardHostValve.java:115)
		at org.apache.catalina.valves.ErrorReportValve.invoke(ErrorReportValve.java:93)
		at org.apache.catalina.valves.AbstractAccessLogValve.invoke(AbstractAccessLogValve.java:663)
		at org.apache.catalina.core.StandardEngineValve.invoke(StandardEngineValve.java:74)
		at org.apache.catalina.connector.CoyoteAdapter.service(CoyoteAdapter.java:344)
		at org.apache.coyote.http11.Http11Processor.service(Http11Processor.java:384)
		at org.apache.coyote.AbstractProcessorLight.process(AbstractProcessorLight.java:63)
		at org.apache.coyote.AbstractProtocol$ConnectionHandler.process(AbstractProtocol.java:905)
		at org.apache.tomcat.util.net.NioEndpoint$SocketProcessor.doRun(NioEndpoint.java:1741)
		at org.apache.tomcat.util.net.SocketProcessorBase.run(SocketProcessorBase.java:52)
		at org.apache.tomcat.util.threads.ThreadPoolExecutor.runWorker(ThreadPoolExecutor.java:1190)
		at org.apache.tomcat.util.threads.ThreadPoolExecutor$Worker.run(ThreadPoolExecutor.java:659)
		at org.apache.tomcat.util.threads.TaskThread$WrappingRunnable.run(TaskThread.java:63)
		at java.base/java.lang.Thread.run(Thread.java:1583)
27-Sep-2024 12:50:21.384 SEVERE [http-nio-8080-exec-19] org.apache.catalina.core.StandardContext.listenerStart Skipped installing application listeners due to previous error(s)
27-Sep-2024 12:50:24.656 SEVERE [http-nio-8080-exec-16] org.apache.catalina.core.StandardContext.listenerStart Error configuring application listener of class [listeners.ContextListener]
	java.lang.ClassNotFoundException: listeners.ContextListener
		at org.apache.catalina.loader.WebappClassLoaderBase.loadClass(WebappClassLoaderBase.java:1332)
		at org.apache.catalina.loader.WebappClassLoaderBase.loadClass(WebappClassLoaderBase.java:1144)
		at org.apache.catalina.core.DefaultInstanceManager.loadClass(DefaultInstanceManager.java:491)
		at org.apache.catalina.core.DefaultInstanceManager.loadClassMaybePrivileged(DefaultInstanceManager.java:473)
		at org.apache.catalina.core.DefaultInstanceManager.newInstance(DefaultInstanceManager.java:143)
		at org.apache.catalina.core.StandardContext.listenerStart(StandardContext.java:3922)
		at org.apache.catalina.core.StandardContext.startInternal(StandardContext.java:4422)
		at org.apache.catalina.util.LifecycleBase.start(LifecycleBase.java:164)
		at org.apache.catalina.manager.ManagerServlet.start(ManagerServlet.java:1283)
		at org.apache.catalina.manager.HTMLManagerServlet.start(HTMLManagerServlet.java:642)
		at org.apache.catalina.manager.HTMLManagerServlet.doPost(HTMLManagerServlet.java:188)
		at jakarta.servlet.http.HttpServlet.service(HttpServlet.java:590)
		at jakarta.servlet.http.HttpServlet.service(HttpServlet.java:658)
		at org.apache.catalina.core.ApplicationFilterChain.internalDoFilter(ApplicationFilterChain.java:195)
		at org.apache.catalina.core.ApplicationFilterChain.doFilter(ApplicationFilterChain.java:140)
		at org.apache.catalina.filters.CsrfPreventionFilter.doFilter(CsrfPreventionFilter.java:430)
		at org.apache.catalina.core.ApplicationFilterChain.internalDoFilter(ApplicationFilterChain.java:164)
		at org.apache.catalina.core.ApplicationFilterChain.doFilter(ApplicationFilterChain.java:140)
		at org.apache.tomcat.websocket.server.WsFilter.doFilter(WsFilter.java:51)
		at org.apache.catalina.core.ApplicationFilterChain.internalDoFilter(ApplicationFilterChain.java:164)
		at org.apache.catalina.core.ApplicationFilterChain.doFilter(ApplicationFilterChain.java:140)
		at org.apache.catalina.filters.HttpHeaderSecurityFilter.doFilter(HttpHeaderSecurityFilter.java:129)
		at org.apache.catalina.core.ApplicationFilterChain.internalDoFilter(ApplicationFilterChain.java:164)
		at org.apache.catalina.core.ApplicationFilterChain.doFilter(ApplicationFilterChain.java:140)
		at org.apache.catalina.core.StandardWrapperValve.invoke(StandardWrapperValve.java:167)
		at org.apache.catalina.core.StandardContextValve.invoke(StandardContextValve.java:90)
		at org.apache.catalina.authenticator.AuthenticatorBase.invoke(AuthenticatorBase.java:598)
		at org.apache.catalina.valves.RequestFilterValve.process(RequestFilterValve.java:355)
		at org.apache.catalina.valves.RemoteAddrValve.invoke(RemoteAddrValve.java:54)
		at org.apache.catalina.core.StandardHostValve.invoke(StandardHostValve.java:115)
		at org.apache.catalina.valves.ErrorReportValve.invoke(ErrorReportValve.java:93)
		at org.apache.catalina.valves.AbstractAccessLogValve.invoke(AbstractAccessLogValve.java:663)
		at org.apache.catalina.core.StandardEngineValve.invoke(StandardEngineValve.java:74)
		at org.apache.catalina.connector.CoyoteAdapter.service(CoyoteAdapter.java:344)
		at org.apache.coyote.http11.Http11Processor.service(Http11Processor.java:384)
		at org.apache.coyote.AbstractProcessorLight.process(AbstractProcessorLight.java:63)
		at org.apache.coyote.AbstractProtocol$ConnectionHandler.process(AbstractProtocol.java:905)
		at org.apache.tomcat.util.net.NioEndpoint$SocketProcessor.doRun(NioEndpoint.java:1741)
		at org.apache.tomcat.util.net.SocketProcessorBase.run(SocketProcessorBase.java:52)
		at org.apache.tomcat.util.threads.ThreadPoolExecutor.runWorker(ThreadPoolExecutor.java:1190)
		at org.apache.tomcat.util.threads.ThreadPoolExecutor$Worker.run(ThreadPoolExecutor.java:659)
		at org.apache.tomcat.util.threads.TaskThread$WrappingRunnable.run(TaskThread.java:63)
		at java.base/java.lang.Thread.run(Thread.java:1583)
27-Sep-2024 12:50:24.656 SEVERE [http-nio-8080-exec-16] org.apache.catalina.core.StandardContext.listenerStart Error configuring application listener of class [listeners.SessionListener]
	java.lang.ClassNotFoundException: listeners.SessionListener
		at org.apache.catalina.loader.WebappClassLoaderBase.loadClass(WebappClassLoaderBase.java:1332)
		at org.apache.catalina.loader.WebappClassLoaderBase.loadClass(WebappClassLoaderBase.java:1144)
		at org.apache.catalina.core.DefaultInstanceManager.loadClass(DefaultInstanceManager.java:491)
		at org.apache.catalina.core.DefaultInstanceManager.loadClassMaybePrivileged(DefaultInstanceManager.java:473)
		at org.apache.catalina.core.DefaultInstanceManager.newInstance(DefaultInstanceManager.java:143)
		at org.apache.catalina.core.StandardContext.listenerStart(StandardContext.java:3922)
		at org.apache.catalina.core.StandardContext.startInternal(StandardContext.java:4422)
		at org.apache.catalina.util.LifecycleBase.start(LifecycleBase.java:164)
		at org.apache.catalina.manager.ManagerServlet.start(ManagerServlet.java:1283)
		at org.apache.catalina.manager.HTMLManagerServlet.start(HTMLManagerServlet.java:642)
		at org.apache.catalina.manager.HTMLManagerServlet.doPost(HTMLManagerServlet.java:188)
		at jakarta.servlet.http.HttpServlet.service(HttpServlet.java:590)
		at jakarta.servlet.http.HttpServlet.service(HttpServlet.java:658)
		at org.apache.catalina.core.ApplicationFilterChain.internalDoFilter(ApplicationFilterChain.java:195)
		at org.apache.catalina.core.ApplicationFilterChain.doFilter(ApplicationFilterChain.java:140)
		at org.apache.catalina.filters.CsrfPreventionFilter.doFilter(CsrfPreventionFilter.java:430)
		at org.apache.catalina.core.ApplicationFilterChain.internalDoFilter(ApplicationFilterChain.java:164)
		at org.apache.catalina.core.ApplicationFilterChain.doFilter(ApplicationFilterChain.java:140)
		at org.apache.tomcat.websocket.server.WsFilter.doFilter(WsFilter.java:51)
		at org.apache.catalina.core.ApplicationFilterChain.internalDoFilter(ApplicationFilterChain.java:164)
		at org.apache.catalina.core.ApplicationFilterChain.doFilter(ApplicationFilterChain.java:140)
		at org.apache.catalina.filters.HttpHeaderSecurityFilter.doFilter(HttpHeaderSecurityFilter.java:129)
		at org.apache.catalina.core.ApplicationFilterChain.internalDoFilter(ApplicationFilterChain.java:164)
		at org.apache.catalina.core.ApplicationFilterChain.doFilter(ApplicationFilterChain.java:140)
		at org.apache.catalina.core.StandardWrapperValve.invoke(StandardWrapperValve.java:167)
		at org.apache.catalina.core.StandardContextValve.invoke(StandardContextValve.java:90)
		at org.apache.catalina.authenticator.AuthenticatorBase.invoke(AuthenticatorBase.java:598)
		at org.apache.catalina.valves.RequestFilterValve.process(RequestFilterValve.java:355)
		at org.apache.catalina.valves.RemoteAddrValve.invoke(RemoteAddrValve.java:54)
		at org.apache.catalina.core.StandardHostValve.invoke(StandardHostValve.java:115)
		at org.apache.catalina.valves.ErrorReportValve.invoke(ErrorReportValve.java:93)
		at org.apache.catalina.valves.AbstractAccessLogValve.invoke(AbstractAccessLogValve.java:663)
		at org.apache.catalina.core.StandardEngineValve.invoke(StandardEngineValve.java:74)
		at org.apache.catalina.connector.CoyoteAdapter.service(CoyoteAdapter.java:344)
		at org.apache.coyote.http11.Http11Processor.service(Http11Processor.java:384)
		at org.apache.coyote.AbstractProcessorLight.process(AbstractProcessorLight.java:63)
		at org.apache.coyote.AbstractProtocol$ConnectionHandler.process(AbstractProtocol.java:905)
		at org.apache.tomcat.util.net.NioEndpoint$SocketProcessor.doRun(NioEndpoint.java:1741)
		at org.apache.tomcat.util.net.SocketProcessorBase.run(SocketProcessorBase.java:52)
		at org.apache.tomcat.util.threads.ThreadPoolExecutor.runWorker(ThreadPoolExecutor.java:1190)
		at org.apache.tomcat.util.threads.ThreadPoolExecutor$Worker.run(ThreadPoolExecutor.java:659)
		at org.apache.tomcat.util.threads.TaskThread$WrappingRunnable.run(TaskThread.java:63)
		at java.base/java.lang.Thread.run(Thread.java:1583)
27-Sep-2024 12:50:24.656 SEVERE [http-nio-8080-exec-16] org.apache.catalina.core.StandardContext.listenerStart Error configuring application listener of class [async.AsyncStockContextListener]
	java.lang.ClassNotFoundException: async.AsyncStockContextListener
		at org.apache.catalina.loader.WebappClassLoaderBase.loadClass(WebappClassLoaderBase.java:1332)
		at org.apache.catalina.loader.WebappClassLoaderBase.loadClass(WebappClassLoaderBase.java:1144)
		at org.apache.catalina.core.DefaultInstanceManager.loadClass(DefaultInstanceManager.java:491)
		at org.apache.catalina.core.DefaultInstanceManager.loadClassMaybePrivileged(DefaultInstanceManager.java:473)
		at org.apache.catalina.core.DefaultInstanceManager.newInstance(DefaultInstanceManager.java:143)
		at org.apache.catalina.core.StandardContext.listenerStart(StandardContext.java:3922)
		at org.apache.catalina.core.StandardContext.startInternal(StandardContext.java:4422)
		at org.apache.catalina.util.LifecycleBase.start(LifecycleBase.java:164)
		at org.apache.catalina.manager.ManagerServlet.start(ManagerServlet.java:1283)
		at org.apache.catalina.manager.HTMLManagerServlet.start(HTMLManagerServlet.java:642)
		at org.apache.catalina.manager.HTMLManagerServlet.doPost(HTMLManagerServlet.java:188)
		at jakarta.servlet.http.HttpServlet.service(HttpServlet.java:590)
		at jakarta.servlet.http.HttpServlet.service(HttpServlet.java:658)
		at org.apache.catalina.core.ApplicationFilterChain.internalDoFilter(ApplicationFilterChain.java:195)
		at org.apache.catalina.core.ApplicationFilterChain.doFilter(ApplicationFilterChain.java:140)
		at org.apache.catalina.filters.CsrfPreventionFilter.doFilter(CsrfPreventionFilter.java:430)
		at org.apache.catalina.core.ApplicationFilterChain.internalDoFilter(ApplicationFilterChain.java:164)
		at org.apache.catalina.core.ApplicationFilterChain.doFilter(ApplicationFilterChain.java:140)
		at org.apache.tomcat.websocket.server.WsFilter.doFilter(WsFilter.java:51)
		at org.apache.catalina.core.ApplicationFilterChain.internalDoFilter(ApplicationFilterChain.java:164)
		at org.apache.catalina.core.ApplicationFilterChain.doFilter(ApplicationFilterChain.java:140)
		at org.apache.catalina.filters.HttpHeaderSecurityFilter.doFilter(HttpHeaderSecurityFilter.java:129)
		at org.apache.catalina.core.ApplicationFilterChain.internalDoFilter(ApplicationFilterChain.java:164)
		at org.apache.catalina.core.ApplicationFilterChain.doFilter(ApplicationFilterChain.java:140)
		at org.apache.catalina.core.StandardWrapperValve.invoke(StandardWrapperValve.java:167)
		at org.apache.catalina.core.StandardContextValve.invoke(StandardContextValve.java:90)
		at org.apache.catalina.authenticator.AuthenticatorBase.invoke(AuthenticatorBase.java:598)
		at org.apache.catalina.valves.RequestFilterValve.process(RequestFilterValve.java:355)
		at org.apache.catalina.valves.RemoteAddrValve.invoke(RemoteAddrValve.java:54)
		at org.apache.catalina.core.StandardHostValve.invoke(StandardHostValve.java:115)
		at org.apache.catalina.valves.ErrorReportValve.invoke(ErrorReportValve.java:93)
		at org.apache.catalina.valves.AbstractAccessLogValve.invoke(AbstractAccessLogValve.java:663)
		at org.apache.catalina.core.StandardEngineValve.invoke(StandardEngineValve.java:74)
		at org.apache.catalina.connector.CoyoteAdapter.service(CoyoteAdapter.java:344)
		at org.apache.coyote.http11.Http11Processor.service(Http11Processor.java:384)
		at org.apache.coyote.AbstractProcessorLight.process(AbstractProcessorLight.java:63)
		at org.apache.coyote.AbstractProtocol$ConnectionHandler.process(AbstractProtocol.java:905)
		at org.apache.tomcat.util.net.NioEndpoint$SocketProcessor.doRun(NioEndpoint.java:1741)
		at org.apache.tomcat.util.net.SocketProcessorBase.run(SocketProcessorBase.java:52)
		at org.apache.tomcat.util.threads.ThreadPoolExecutor.runWorker(ThreadPoolExecutor.java:1190)
		at org.apache.tomcat.util.threads.ThreadPoolExecutor$Worker.run(ThreadPoolExecutor.java:659)
		at org.apache.tomcat.util.threads.TaskThread$WrappingRunnable.run(TaskThread.java:63)
		at java.base/java.lang.Thread.run(Thread.java:1583)
27-Sep-2024 12:50:24.656 SEVERE [http-nio-8080-exec-16] org.apache.catalina.core.StandardContext.listenerStart Error configuring application listener of class [websocket.drawboard.DrawboardContextListener]
	java.lang.ClassNotFoundException: websocket.drawboard.DrawboardContextListener
		at org.apache.catalina.loader.WebappClassLoaderBase.loadClass(WebappClassLoaderBase.java:1332)
		at org.apache.catalina.loader.WebappClassLoaderBase.loadClass(WebappClassLoaderBase.java:1144)
		at org.apache.catalina.core.DefaultInstanceManager.loadClass(DefaultInstanceManager.java:491)
		at org.apache.catalina.core.DefaultInstanceManager.loadClassMaybePrivileged(DefaultInstanceManager.java:473)
		at org.apache.catalina.core.DefaultInstanceManager.newInstance(DefaultInstanceManager.java:143)
		at org.apache.catalina.core.StandardContext.listenerStart(StandardContext.java:3922)
		at org.apache.catalina.core.StandardContext.startInternal(StandardContext.java:4422)
		at org.apache.catalina.util.LifecycleBase.start(LifecycleBase.java:164)
		at org.apache.catalina.manager.ManagerServlet.start(ManagerServlet.java:1283)
		at org.apache.catalina.manager.HTMLManagerServlet.start(HTMLManagerServlet.java:642)
		at org.apache.catalina.manager.HTMLManagerServlet.doPost(HTMLManagerServlet.java:188)
		at jakarta.servlet.http.HttpServlet.service(HttpServlet.java:590)
		at jakarta.servlet.http.HttpServlet.service(HttpServlet.java:658)
		at org.apache.catalina.core.ApplicationFilterChain.internalDoFilter(ApplicationFilterChain.java:195)
		at org.apache.catalina.core.ApplicationFilterChain.doFilter(ApplicationFilterChain.java:140)
		at org.apache.catalina.filters.CsrfPreventionFilter.doFilter(CsrfPreventionFilter.java:430)
		at org.apache.catalina.core.ApplicationFilterChain.internalDoFilter(ApplicationFilterChain.java:164)
		at org.apache.catalina.core.ApplicationFilterChain.doFilter(ApplicationFilterChain.java:140)
		at org.apache.tomcat.websocket.server.WsFilter.doFilter(WsFilter.java:51)
		at org.apache.catalina.core.ApplicationFilterChain.internalDoFilter(ApplicationFilterChain.java:164)
		at org.apache.catalina.core.ApplicationFilterChain.doFilter(ApplicationFilterChain.java:140)
		at org.apache.catalina.filters.HttpHeaderSecurityFilter.doFilter(HttpHeaderSecurityFilter.java:129)
		at org.apache.catalina.core.ApplicationFilterChain.internalDoFilter(ApplicationFilterChain.java:164)
		at org.apache.catalina.core.ApplicationFilterChain.doFilter(ApplicationFilterChain.java:140)
		at org.apache.catalina.core.StandardWrapperValve.invoke(StandardWrapperValve.java:167)
		at org.apache.catalina.core.StandardContextValve.invoke(StandardContextValve.java:90)
		at org.apache.catalina.authenticator.AuthenticatorBase.invoke(AuthenticatorBase.java:598)
		at org.apache.catalina.valves.RequestFilterValve.process(RequestFilterValve.java:355)
		at org.apache.catalina.valves.RemoteAddrValve.invoke(RemoteAddrValve.java:54)
		at org.apache.catalina.core.StandardHostValve.invoke(StandardHostValve.java:115)
		at org.apache.catalina.valves.ErrorReportValve.invoke(ErrorReportValve.java:93)
		at org.apache.catalina.valves.AbstractAccessLogValve.invoke(AbstractAccessLogValve.java:663)
		at org.apache.catalina.core.StandardEngineValve.invoke(StandardEngineValve.java:74)
		at org.apache.catalina.connector.CoyoteAdapter.service(CoyoteAdapter.java:344)
		at org.apache.coyote.http11.Http11Processor.service(Http11Processor.java:384)
		at org.apache.coyote.AbstractProcessorLight.process(AbstractProcessorLight.java:63)
		at org.apache.coyote.AbstractProtocol$ConnectionHandler.process(AbstractProtocol.java:905)
		at org.apache.tomcat.util.net.NioEndpoint$SocketProcessor.doRun(NioEndpoint.java:1741)
		at org.apache.tomcat.util.net.SocketProcessorBase.run(SocketProcessorBase.java:52)
		at org.apache.tomcat.util.threads.ThreadPoolExecutor.runWorker(ThreadPoolExecutor.java:1190)
		at org.apache.tomcat.util.threads.ThreadPoolExecutor$Worker.run(ThreadPoolExecutor.java:659)
		at org.apache.tomcat.util.threads.TaskThread$WrappingRunnable.run(TaskThread.java:63)
		at java.base/java.lang.Thread.run(Thread.java:1583)
27-Sep-2024 12:50:24.656 SEVERE [http-nio-8080-exec-16] org.apache.catalina.core.StandardContext.listenerStart Skipped installing application listeners due to previous error(s)
27-Sep-2024 12:50:31.806 SEVERE [http-nio-8080-exec-14] org.apache.catalina.core.StandardContext.listenerStart Error configuring application listener of class [listeners.ContextListener]
	java.lang.ClassNotFoundException: listeners.ContextListener
		at org.apache.catalina.loader.WebappClassLoaderBase.loadClass(WebappClassLoaderBase.java:1332)
		at org.apache.catalina.loader.WebappClassLoaderBase.loadClass(WebappClassLoaderBase.java:1144)
		at org.apache.catalina.core.DefaultInstanceManager.loadClass(DefaultInstanceManager.java:491)
		at org.apache.catalina.core.DefaultInstanceManager.loadClassMaybePrivileged(DefaultInstanceManager.java:473)
		at org.apache.catalina.core.DefaultInstanceManager.newInstance(DefaultInstanceManager.java:143)
		at org.apache.catalina.core.StandardContext.listenerStart(StandardContext.java:3922)
		at org.apache.catalina.core.StandardContext.startInternal(StandardContext.java:4422)
		at org.apache.catalina.util.LifecycleBase.start(LifecycleBase.java:164)
		at org.apache.catalina.manager.ManagerServlet.start(ManagerServlet.java:1283)
		at org.apache.catalina.manager.HTMLManagerServlet.start(HTMLManagerServlet.java:642)
		at org.apache.catalina.manager.HTMLManagerServlet.doPost(HTMLManagerServlet.java:188)
		at jakarta.servlet.http.HttpServlet.service(HttpServlet.java:590)
		at jakarta.servlet.http.HttpServlet.service(HttpServlet.java:658)
		at org.apache.catalina.core.ApplicationFilterChain.internalDoFilter(ApplicationFilterChain.java:195)
		at org.apache.catalina.core.ApplicationFilterChain.doFilter(ApplicationFilterChain.java:140)
		at org.apache.catalina.filters.CsrfPreventionFilter.doFilter(CsrfPreventionFilter.java:430)
		at org.apache.catalina.core.ApplicationFilterChain.internalDoFilter(ApplicationFilterChain.java:164)
		at org.apache.catalina.core.ApplicationFilterChain.doFilter(ApplicationFilterChain.java:140)
		at org.apache.tomcat.websocket.server.WsFilter.doFilter(WsFilter.java:51)
		at org.apache.catalina.core.ApplicationFilterChain.internalDoFilter(ApplicationFilterChain.java:164)
		at org.apache.catalina.core.ApplicationFilterChain.doFilter(ApplicationFilterChain.java:140)
		at org.apache.catalina.filters.HttpHeaderSecurityFilter.doFilter(HttpHeaderSecurityFilter.java:129)
		at org.apache.catalina.core.ApplicationFilterChain.internalDoFilter(ApplicationFilterChain.java:164)
		at org.apache.catalina.core.ApplicationFilterChain.doFilter(ApplicationFilterChain.java:140)
		at org.apache.catalina.core.StandardWrapperValve.invoke(StandardWrapperValve.java:167)
		at org.apache.catalina.core.StandardContextValve.invoke(StandardContextValve.java:90)
		at org.apache.catalina.authenticator.AuthenticatorBase.invoke(AuthenticatorBase.java:598)
		at org.apache.catalina.valves.RequestFilterValve.process(RequestFilterValve.java:355)
		at org.apache.catalina.valves.RemoteAddrValve.invoke(RemoteAddrValve.java:54)
		at org.apache.catalina.core.StandardHostValve.invoke(StandardHostValve.java:115)
		at org.apache.catalina.valves.ErrorReportValve.invoke(ErrorReportValve.java:93)
		at org.apache.catalina.valves.AbstractAccessLogValve.invoke(AbstractAccessLogValve.java:663)
		at org.apache.catalina.core.StandardEngineValve.invoke(StandardEngineValve.java:74)
		at org.apache.catalina.connector.CoyoteAdapter.service(CoyoteAdapter.java:344)
		at org.apache.coyote.http11.Http11Processor.service(Http11Processor.java:384)
		at org.apache.coyote.AbstractProcessorLight.process(AbstractProcessorLight.java:63)
		at org.apache.coyote.AbstractProtocol$ConnectionHandler.process(AbstractProtocol.java:905)
		at org.apache.tomcat.util.net.NioEndpoint$SocketProcessor.doRun(NioEndpoint.java:1741)
		at org.apache.tomcat.util.net.SocketProcessorBase.run(SocketProcessorBase.java:52)
		at org.apache.tomcat.util.threads.ThreadPoolExecutor.runWorker(ThreadPoolExecutor.java:1190)
		at org.apache.tomcat.util.threads.ThreadPoolExecutor$Worker.run(ThreadPoolExecutor.java:659)
		at org.apache.tomcat.util.threads.TaskThread$WrappingRunnable.run(TaskThread.java:63)
		at java.base/java.lang.Thread.run(Thread.java:1583)
27-Sep-2024 12:50:31.806 SEVERE [http-nio-8080-exec-14] org.apache.catalina.core.StandardContext.listenerStart Error configuring application listener of class [listeners.SessionListener]
	java.lang.ClassNotFoundException: listeners.SessionListener
		at org.apache.catalina.loader.WebappClassLoaderBase.loadClass(WebappClassLoaderBase.java:1332)
		at org.apache.catalina.loader.WebappClassLoaderBase.loadClass(WebappClassLoaderBase.java:1144)
		at org.apache.catalina.core.DefaultInstanceManager.loadClass(DefaultInstanceManager.java:491)
		at org.apache.catalina.core.DefaultInstanceManager.loadClassMaybePrivileged(DefaultInstanceManager.java:473)
		at org.apache.catalina.core.DefaultInstanceManager.newInstance(DefaultInstanceManager.java:143)
		at org.apache.catalina.core.StandardContext.listenerStart(StandardContext.java:3922)
		at org.apache.catalina.core.StandardContext.startInternal(StandardContext.java:4422)
		at org.apache.catalina.util.LifecycleBase.start(LifecycleBase.java:164)
		at org.apache.catalina.manager.ManagerServlet.start(ManagerServlet.java:1283)
		at org.apache.catalina.manager.HTMLManagerServlet.start(HTMLManagerServlet.java:642)
		at org.apache.catalina.manager.HTMLManagerServlet.doPost(HTMLManagerServlet.java:188)
		at jakarta.servlet.http.HttpServlet.service(HttpServlet.java:590)
		at jakarta.servlet.http.HttpServlet.service(HttpServlet.java:658)
		at org.apache.catalina.core.ApplicationFilterChain.internalDoFilter(ApplicationFilterChain.java:195)
		at org.apache.catalina.core.ApplicationFilterChain.doFilter(ApplicationFilterChain.java:140)
		at org.apache.catalina.filters.CsrfPreventionFilter.doFilter(CsrfPreventionFilter.java:430)
		at org.apache.catalina.core.ApplicationFilterChain.internalDoFilter(ApplicationFilterChain.java:164)
		at org.apache.catalina.core.ApplicationFilterChain.doFilter(ApplicationFilterChain.java:140)
		at org.apache.tomcat.websocket.server.WsFilter.doFilter(WsFilter.java:51)
		at org.apache.catalina.core.ApplicationFilterChain.internalDoFilter(ApplicationFilterChain.java:164)
		at org.apache.catalina.core.ApplicationFilterChain.doFilter(ApplicationFilterChain.java:140)
		at org.apache.catalina.filters.HttpHeaderSecurityFilter.doFilter(HttpHeaderSecurityFilter.java:129)
		at org.apache.catalina.core.ApplicationFilterChain.internalDoFilter(ApplicationFilterChain.java:164)
		at org.apache.catalina.core.ApplicationFilterChain.doFilter(ApplicationFilterChain.java:140)
		at org.apache.catalina.core.StandardWrapperValve.invoke(StandardWrapperValve.java:167)
		at org.apache.catalina.core.StandardContextValve.invoke(StandardContextValve.java:90)
		at org.apache.catalina.authenticator.AuthenticatorBase.invoke(AuthenticatorBase.java:598)
		at org.apache.catalina.valves.RequestFilterValve.process(RequestFilterValve.java:355)
		at org.apache.catalina.valves.RemoteAddrValve.invoke(RemoteAddrValve.java:54)
		at org.apache.catalina.core.StandardHostValve.invoke(StandardHostValve.java:115)
		at org.apache.catalina.valves.ErrorReportValve.invoke(ErrorReportValve.java:93)
		at org.apache.catalina.valves.AbstractAccessLogValve.invoke(AbstractAccessLogValve.java:663)
		at org.apache.catalina.core.StandardEngineValve.invoke(StandardEngineValve.java:74)
		at org.apache.catalina.connector.CoyoteAdapter.service(CoyoteAdapter.java:344)
		at org.apache.coyote.http11.Http11Processor.service(Http11Processor.java:384)
		at org.apache.coyote.AbstractProcessorLight.process(AbstractProcessorLight.java:63)
		at org.apache.coyote.AbstractProtocol$ConnectionHandler.process(AbstractProtocol.java:905)
		at org.apache.tomcat.util.net.NioEndpoint$SocketProcessor.doRun(NioEndpoint.java:1741)
		at org.apache.tomcat.util.net.SocketProcessorBase.run(SocketProcessorBase.java:52)
		at org.apache.tomcat.util.threads.ThreadPoolExecutor.runWorker(ThreadPoolExecutor.java:1190)
		at org.apache.tomcat.util.threads.ThreadPoolExecutor$Worker.run(ThreadPoolExecutor.java:659)
		at org.apache.tomcat.util.threads.TaskThread$WrappingRunnable.run(TaskThread.java:63)
		at java.base/java.lang.Thread.run(Thread.java:1583)
27-Sep-2024 12:50:31.806 SEVERE [http-nio-8080-exec-14] org.apache.catalina.core.StandardContext.listenerStart Error configuring application listener of class [async.AsyncStockContextListener]
	java.lang.ClassNotFoundException: async.AsyncStockContextListener
		at org.apache.catalina.loader.WebappClassLoaderBase.loadClass(WebappClassLoaderBase.java:1332)
		at org.apache.catalina.loader.WebappClassLoaderBase.loadClass(WebappClassLoaderBase.java:1144)
		at org.apache.catalina.core.DefaultInstanceManager.loadClass(DefaultInstanceManager.java:491)
		at org.apache.catalina.core.DefaultInstanceManager.loadClassMaybePrivileged(DefaultInstanceManager.java:473)
		at org.apache.catalina.core.DefaultInstanceManager.newInstance(DefaultInstanceManager.java:143)
		at org.apache.catalina.core.StandardContext.listenerStart(StandardContext.java:3922)
		at org.apache.catalina.core.StandardContext.startInternal(StandardContext.java:4422)
		at org.apache.catalina.util.LifecycleBase.start(LifecycleBase.java:164)
		at org.apache.catalina.manager.ManagerServlet.start(ManagerServlet.java:1283)
		at org.apache.catalina.manager.HTMLManagerServlet.start(HTMLManagerServlet.java:642)
		at org.apache.catalina.manager.HTMLManagerServlet.doPost(HTMLManagerServlet.java:188)
		at jakarta.servlet.http.HttpServlet.service(HttpServlet.java:590)
		at jakarta.servlet.http.HttpServlet.service(HttpServlet.java:658)
		at org.apache.catalina.core.ApplicationFilterChain.internalDoFilter(ApplicationFilterChain.java:195)
		at org.apache.catalina.core.ApplicationFilterChain.doFilter(ApplicationFilterChain.java:140)
		at org.apache.catalina.filters.CsrfPreventionFilter.doFilter(CsrfPreventionFilter.java:430)
		at org.apache.catalina.core.ApplicationFilterChain.internalDoFilter(ApplicationFilterChain.java:164)
		at org.apache.catalina.core.ApplicationFilterChain.doFilter(ApplicationFilterChain.java:140)
		at org.apache.tomcat.websocket.server.WsFilter.doFilter(WsFilter.java:51)
		at org.apache.catalina.core.ApplicationFilterChain.internalDoFilter(ApplicationFilterChain.java:164)
		at org.apache.catalina.core.ApplicationFilterChain.doFilter(ApplicationFilterChain.java:140)
		at org.apache.catalina.filters.HttpHeaderSecurityFilter.doFilter(HttpHeaderSecurityFilter.java:129)
		at org.apache.catalina.core.ApplicationFilterChain.internalDoFilter(ApplicationFilterChain.java:164)
		at org.apache.catalina.core.ApplicationFilterChain.doFilter(ApplicationFilterChain.java:140)
		at org.apache.catalina.core.StandardWrapperValve.invoke(StandardWrapperValve.java:167)
		at org.apache.catalina.core.StandardContextValve.invoke(StandardContextValve.java:90)
		at org.apache.catalina.authenticator.AuthenticatorBase.invoke(AuthenticatorBase.java:598)
		at org.apache.catalina.valves.RequestFilterValve.process(RequestFilterValve.java:355)
		at org.apache.catalina.valves.RemoteAddrValve.invoke(RemoteAddrValve.java:54)
		at org.apache.catalina.core.StandardHostValve.invoke(StandardHostValve.java:115)
		at org.apache.catalina.valves.ErrorReportValve.invoke(ErrorReportValve.java:93)
		at org.apache.catalina.valves.AbstractAccessLogValve.invoke(AbstractAccessLogValve.java:663)
		at org.apache.catalina.core.StandardEngineValve.invoke(StandardEngineValve.java:74)
		at org.apache.catalina.connector.CoyoteAdapter.service(CoyoteAdapter.java:344)
		at org.apache.coyote.http11.Http11Processor.service(Http11Processor.java:384)
		at org.apache.coyote.AbstractProcessorLight.process(AbstractProcessorLight.java:63)
		at org.apache.coyote.AbstractProtocol$ConnectionHandler.process(AbstractProtocol.java:905)
		at org.apache.tomcat.util.net.NioEndpoint$SocketProcessor.doRun(NioEndpoint.java:1741)
		at org.apache.tomcat.util.net.SocketProcessorBase.run(SocketProcessorBase.java:52)
		at org.apache.tomcat.util.threads.ThreadPoolExecutor.runWorker(ThreadPoolExecutor.java:1190)
		at org.apache.tomcat.util.threads.ThreadPoolExecutor$Worker.run(ThreadPoolExecutor.java:659)
		at org.apache.tomcat.util.threads.TaskThread$WrappingRunnable.run(TaskThread.java:63)
		at java.base/java.lang.Thread.run(Thread.java:1583)
27-Sep-2024 12:50:31.806 SEVERE [http-nio-8080-exec-14] org.apache.catalina.core.StandardContext.listenerStart Error configuring application listener of class [websocket.drawboard.DrawboardContextListener]
	java.lang.ClassNotFoundException: websocket.drawboard.DrawboardContextListener
		at org.apache.catalina.loader.WebappClassLoaderBase.loadClass(WebappClassLoaderBase.java:1332)
		at org.apache.catalina.loader.WebappClassLoaderBase.loadClass(WebappClassLoaderBase.java:1144)
		at org.apache.catalina.core.DefaultInstanceManager.loadClass(DefaultInstanceManager.java:491)
		at org.apache.catalina.core.DefaultInstanceManager.loadClassMaybePrivileged(DefaultInstanceManager.java:473)
		at org.apache.catalina.core.DefaultInstanceManager.newInstance(DefaultInstanceManager.java:143)
		at org.apache.catalina.core.StandardContext.listenerStart(StandardContext.java:3922)
		at org.apache.catalina.core.StandardContext.startInternal(StandardContext.java:4422)
		at org.apache.catalina.util.LifecycleBase.start(LifecycleBase.java:164)
		at org.apache.catalina.manager.ManagerServlet.start(ManagerServlet.java:1283)
		at org.apache.catalina.manager.HTMLManagerServlet.start(HTMLManagerServlet.java:642)
		at org.apache.catalina.manager.HTMLManagerServlet.doPost(HTMLManagerServlet.java:188)
		at jakarta.servlet.http.HttpServlet.service(HttpServlet.java:590)
		at jakarta.servlet.http.HttpServlet.service(HttpServlet.java:658)
		at org.apache.catalina.core.ApplicationFilterChain.internalDoFilter(ApplicationFilterChain.java:195)
		at org.apache.catalina.core.ApplicationFilterChain.doFilter(ApplicationFilterChain.java:140)
		at org.apache.catalina.filters.CsrfPreventionFilter.doFilter(CsrfPreventionFilter.java:430)
		at org.apache.catalina.core.ApplicationFilterChain.internalDoFilter(ApplicationFilterChain.java:164)
		at org.apache.catalina.core.ApplicationFilterChain.doFilter(ApplicationFilterChain.java:140)
		at org.apache.tomcat.websocket.server.WsFilter.doFilter(WsFilter.java:51)
		at org.apache.catalina.core.ApplicationFilterChain.internalDoFilter(ApplicationFilterChain.java:164)
		at org.apache.catalina.core.ApplicationFilterChain.doFilter(ApplicationFilterChain.java:140)
		at org.apache.catalina.filters.HttpHeaderSecurityFilter.doFilter(HttpHeaderSecurityFilter.java:129)
		at org.apache.catalina.core.ApplicationFilterChain.internalDoFilter(ApplicationFilterChain.java:164)
		at org.apache.catalina.core.ApplicationFilterChain.doFilter(ApplicationFilterChain.java:140)
		at org.apache.catalina.core.StandardWrapperValve.invoke(StandardWrapperValve.java:167)
		at org.apache.catalina.core.StandardContextValve.invoke(StandardContextValve.java:90)
		at org.apache.catalina.authenticator.AuthenticatorBase.invoke(AuthenticatorBase.java:598)
		at org.apache.catalina.valves.RequestFilterValve.process(RequestFilterValve.java:355)
		at org.apache.catalina.valves.RemoteAddrValve.invoke(RemoteAddrValve.java:54)
		at org.apache.catalina.core.StandardHostValve.invoke(StandardHostValve.java:115)
		at org.apache.catalina.valves.ErrorReportValve.invoke(ErrorReportValve.java:93)
		at org.apache.catalina.valves.AbstractAccessLogValve.invoke(AbstractAccessLogValve.java:663)
		at org.apache.catalina.core.StandardEngineValve.invoke(StandardEngineValve.java:74)
		at org.apache.catalina.connector.CoyoteAdapter.service(CoyoteAdapter.java:344)
		at org.apache.coyote.http11.Http11Processor.service(Http11Processor.java:384)
		at org.apache.coyote.AbstractProcessorLight.process(AbstractProcessorLight.java:63)
		at org.apache.coyote.AbstractProtocol$ConnectionHandler.process(AbstractProtocol.java:905)
		at org.apache.tomcat.util.net.NioEndpoint$SocketProcessor.doRun(NioEndpoint.java:1741)
		at org.apache.tomcat.util.net.SocketProcessorBase.run(SocketProcessorBase.java:52)
		at org.apache.tomcat.util.threads.ThreadPoolExecutor.runWorker(ThreadPoolExecutor.java:1190)
		at org.apache.tomcat.util.threads.ThreadPoolExecutor$Worker.run(ThreadPoolExecutor.java:659)
		at org.apache.tomcat.util.threads.TaskThread$WrappingRunnable.run(TaskThread.java:63)
		at java.base/java.lang.Thread.run(Thread.java:1583)
27-Sep-2024 12:50:31.806 SEVERE [http-nio-8080-exec-14] org.apache.catalina.core.StandardContext.listenerStart Skipped installing application listeners due to previous error(s)
27-Sep-2024 12:50:36.814 SEVERE [http-nio-8080-exec-28] org.apache.catalina.core.StandardContext.listenerStart Error configuring application listener of class [listeners.ContextListener]
	java.lang.ClassNotFoundException: listeners.ContextListener
		at org.apache.catalina.loader.WebappClassLoaderBase.loadClass(WebappClassLoaderBase.java:1332)
		at org.apache.catalina.loader.WebappClassLoaderBase.loadClass(WebappClassLoaderBase.java:1144)
		at org.apache.catalina.core.DefaultInstanceManager.loadClass(DefaultInstanceManager.java:491)
		at org.apache.catalina.core.DefaultInstanceManager.loadClassMaybePrivileged(DefaultInstanceManager.java:473)
		at org.apache.catalina.core.DefaultInstanceManager.newInstance(DefaultInstanceManager.java:143)
		at org.apache.catalina.core.StandardContext.listenerStart(StandardContext.java:3922)
		at org.apache.catalina.core.StandardContext.startInternal(StandardContext.java:4422)
		at org.apache.catalina.util.LifecycleBase.start(LifecycleBase.java:164)
		at org.apache.catalina.manager.ManagerServlet.start(ManagerServlet.java:1283)
		at org.apache.catalina.manager.HTMLManagerServlet.start(HTMLManagerServlet.java:642)
		at org.apache.catalina.manager.HTMLManagerServlet.doPost(HTMLManagerServlet.java:188)
		at jakarta.servlet.http.HttpServlet.service(HttpServlet.java:590)
		at jakarta.servlet.http.HttpServlet.service(HttpServlet.java:658)
		at org.apache.catalina.core.ApplicationFilterChain.internalDoFilter(ApplicationFilterChain.java:195)
		at org.apache.catalina.core.ApplicationFilterChain.doFilter(ApplicationFilterChain.java:140)
		at org.apache.catalina.filters.CsrfPreventionFilter.doFilter(CsrfPreventionFilter.java:430)
		at org.apache.catalina.core.ApplicationFilterChain.internalDoFilter(ApplicationFilterChain.java:164)
		at org.apache.catalina.core.ApplicationFilterChain.doFilter(ApplicationFilterChain.java:140)
		at org.apache.tomcat.websocket.server.WsFilter.doFilter(WsFilter.java:51)
		at org.apache.catalina.core.ApplicationFilterChain.internalDoFilter(ApplicationFilterChain.java:164)
		at org.apache.catalina.core.ApplicationFilterChain.doFilter(ApplicationFilterChain.java:140)
		at org.apache.catalina.filters.HttpHeaderSecurityFilter.doFilter(HttpHeaderSecurityFilter.java:129)
		at org.apache.catalina.core.ApplicationFilterChain.internalDoFilter(ApplicationFilterChain.java:164)
		at org.apache.catalina.core.ApplicationFilterChain.doFilter(ApplicationFilterChain.java:140)
		at org.apache.catalina.core.StandardWrapperValve.invoke(StandardWrapperValve.java:167)
		at org.apache.catalina.core.StandardContextValve.invoke(StandardContextValve.java:90)
		at org.apache.catalina.authenticator.AuthenticatorBase.invoke(AuthenticatorBase.java:598)
		at org.apache.catalina.valves.RequestFilterValve.process(RequestFilterValve.java:355)
		at org.apache.catalina.valves.RemoteAddrValve.invoke(RemoteAddrValve.java:54)
		at org.apache.catalina.core.StandardHostValve.invoke(StandardHostValve.java:115)
		at org.apache.catalina.valves.ErrorReportValve.invoke(ErrorReportValve.java:93)
		at org.apache.catalina.valves.AbstractAccessLogValve.invoke(AbstractAccessLogValve.java:663)
		at org.apache.catalina.core.StandardEngineValve.invoke(StandardEngineValve.java:74)
		at org.apache.catalina.connector.CoyoteAdapter.service(CoyoteAdapter.java:344)
		at org.apache.coyote.http11.Http11Processor.service(Http11Processor.java:384)
		at org.apache.coyote.AbstractProcessorLight.process(AbstractProcessorLight.java:63)
		at org.apache.coyote.AbstractProtocol$ConnectionHandler.process(AbstractProtocol.java:905)
		at org.apache.tomcat.util.net.NioEndpoint$SocketProcessor.doRun(NioEndpoint.java:1741)
		at org.apache.tomcat.util.net.SocketProcessorBase.run(SocketProcessorBase.java:52)
		at org.apache.tomcat.util.threads.ThreadPoolExecutor.runWorker(ThreadPoolExecutor.java:1190)
		at org.apache.tomcat.util.threads.ThreadPoolExecutor$Worker.run(ThreadPoolExecutor.java:659)
		at org.apache.tomcat.util.threads.TaskThread$WrappingRunnable.run(TaskThread.java:63)
		at java.base/java.lang.Thread.run(Thread.java:1583)
27-Sep-2024 12:50:36.815 SEVERE [http-nio-8080-exec-28] org.apache.catalina.core.StandardContext.listenerStart Error configuring application listener of class [listeners.SessionListener]
	java.lang.ClassNotFoundException: listeners.SessionListener
		at org.apache.catalina.loader.WebappClassLoaderBase.loadClass(WebappClassLoaderBase.java:1332)
		at org.apache.catalina.loader.WebappClassLoaderBase.loadClass(WebappClassLoaderBase.java:1144)
		at org.apache.catalina.core.DefaultInstanceManager.loadClass(DefaultInstanceManager.java:491)
		at org.apache.catalina.core.DefaultInstanceManager.loadClassMaybePrivileged(DefaultInstanceManager.java:473)
		at org.apache.catalina.core.DefaultInstanceManager.newInstance(DefaultInstanceManager.java:143)
		at org.apache.catalina.core.StandardContext.listenerStart(StandardContext.java:3922)
		at org.apache.catalina.core.StandardContext.startInternal(StandardContext.java:4422)
		at org.apache.catalina.util.LifecycleBase.start(LifecycleBase.java:164)
		at org.apache.catalina.manager.ManagerServlet.start(ManagerServlet.java:1283)
		at org.apache.catalina.manager.HTMLManagerServlet.start(HTMLManagerServlet.java:642)
		at org.apache.catalina.manager.HTMLManagerServlet.doPost(HTMLManagerServlet.java:188)
		at jakarta.servlet.http.HttpServlet.service(HttpServlet.java:590)
		at jakarta.servlet.http.HttpServlet.service(HttpServlet.java:658)
		at org.apache.catalina.core.ApplicationFilterChain.internalDoFilter(ApplicationFilterChain.java:195)
		at org.apache.catalina.core.ApplicationFilterChain.doFilter(ApplicationFilterChain.java:140)
		at org.apache.catalina.filters.CsrfPreventionFilter.doFilter(CsrfPreventionFilter.java:430)
		at org.apache.catalina.core.ApplicationFilterChain.internalDoFilter(ApplicationFilterChain.java:164)
		at org.apache.catalina.core.ApplicationFilterChain.doFilter(ApplicationFilterChain.java:140)
		at org.apache.tomcat.websocket.server.WsFilter.doFilter(WsFilter.java:51)
		at org.apache.catalina.core.ApplicationFilterChain.internalDoFilter(ApplicationFilterChain.java:164)
		at org.apache.catalina.core.ApplicationFilterChain.doFilter(ApplicationFilterChain.java:140)
		at org.apache.catalina.filters.HttpHeaderSecurityFilter.doFilter(HttpHeaderSecurityFilter.java:129)
		at org.apache.catalina.core.ApplicationFilterChain.internalDoFilter(ApplicationFilterChain.java:164)
		at org.apache.catalina.core.ApplicationFilterChain.doFilter(ApplicationFilterChain.java:140)
		at org.apache.catalina.core.StandardWrapperValve.invoke(StandardWrapperValve.java:167)
		at org.apache.catalina.core.StandardContextValve.invoke(StandardContextValve.java:90)
		at org.apache.catalina.authenticator.AuthenticatorBase.invoke(AuthenticatorBase.java:598)
		at org.apache.catalina.valves.RequestFilterValve.process(RequestFilterValve.java:355)
		at org.apache.catalina.valves.RemoteAddrValve.invoke(RemoteAddrValve.java:54)
		at org.apache.catalina.core.StandardHostValve.invoke(StandardHostValve.java:115)
		at org.apache.catalina.valves.ErrorReportValve.invoke(ErrorReportValve.java:93)
		at org.apache.catalina.valves.AbstractAccessLogValve.invoke(AbstractAccessLogValve.java:663)
		at org.apache.catalina.core.StandardEngineValve.invoke(StandardEngineValve.java:74)
		at org.apache.catalina.connector.CoyoteAdapter.service(CoyoteAdapter.java:344)
		at org.apache.coyote.http11.Http11Processor.service(Http11Processor.java:384)
		at org.apache.coyote.AbstractProcessorLight.process(AbstractProcessorLight.java:63)
		at org.apache.coyote.AbstractProtocol$ConnectionHandler.process(AbstractProtocol.java:905)
		at org.apache.tomcat.util.net.NioEndpoint$SocketProcessor.doRun(NioEndpoint.java:1741)
		at org.apache.tomcat.util.net.SocketProcessorBase.run(SocketProcessorBase.java:52)
		at org.apache.tomcat.util.threads.ThreadPoolExecutor.runWorker(ThreadPoolExecutor.java:1190)
		at org.apache.tomcat.util.threads.ThreadPoolExecutor$Worker.run(ThreadPoolExecutor.java:659)
		at org.apache.tomcat.util.threads.TaskThread$WrappingRunnable.run(TaskThread.java:63)
		at java.base/java.lang.Thread.run(Thread.java:1583)
27-Sep-2024 12:50:36.815 SEVERE [http-nio-8080-exec-28] org.apache.catalina.core.StandardContext.listenerStart Error configuring application listener of class [async.AsyncStockContextListener]
	java.lang.ClassNotFoundException: async.AsyncStockContextListener
		at org.apache.catalina.loader.WebappClassLoaderBase.loadClass(WebappClassLoaderBase.java:1332)
		at org.apache.catalina.loader.WebappClassLoaderBase.loadClass(WebappClassLoaderBase.java:1144)
		at org.apache.catalina.core.DefaultInstanceManager.loadClass(DefaultInstanceManager.java:491)
		at org.apache.catalina.core.DefaultInstanceManager.loadClassMaybePrivileged(DefaultInstanceManager.java:473)
		at org.apache.catalina.core.DefaultInstanceManager.newInstance(DefaultInstanceManager.java:143)
		at org.apache.catalina.core.StandardContext.listenerStart(StandardContext.java:3922)
		at org.apache.catalina.core.StandardContext.startInternal(StandardContext.java:4422)
		at org.apache.catalina.util.LifecycleBase.start(LifecycleBase.java:164)
		at org.apache.catalina.manager.ManagerServlet.start(ManagerServlet.java:1283)
		at org.apache.catalina.manager.HTMLManagerServlet.start(HTMLManagerServlet.java:642)
		at org.apache.catalina.manager.HTMLManagerServlet.doPost(HTMLManagerServlet.java:188)
		at jakarta.servlet.http.HttpServlet.service(HttpServlet.java:590)
		at jakarta.servlet.http.HttpServlet.service(HttpServlet.java:658)
		at org.apache.catalina.core.ApplicationFilterChain.internalDoFilter(ApplicationFilterChain.java:195)
		at org.apache.catalina.core.ApplicationFilterChain.doFilter(ApplicationFilterChain.java:140)
		at org.apache.catalina.filters.CsrfPreventionFilter.doFilter(CsrfPreventionFilter.java:430)
		at org.apache.catalina.core.ApplicationFilterChain.internalDoFilter(ApplicationFilterChain.java:164)
		at org.apache.catalina.core.ApplicationFilterChain.doFilter(ApplicationFilterChain.java:140)
		at org.apache.tomcat.websocket.server.WsFilter.doFilter(WsFilter.java:51)
		at org.apache.catalina.core.ApplicationFilterChain.internalDoFilter(ApplicationFilterChain.java:164)
		at org.apache.catalina.core.ApplicationFilterChain.doFilter(ApplicationFilterChain.java:140)
		at org.apache.catalina.filters.HttpHeaderSecurityFilter.doFilter(HttpHeaderSecurityFilter.java:129)
		at org.apache.catalina.core.ApplicationFilterChain.internalDoFilter(ApplicationFilterChain.java:164)
		at org.apache.catalina.core.ApplicationFilterChain.doFilter(ApplicationFilterChain.java:140)
		at org.apache.catalina.core.StandardWrapperValve.invoke(StandardWrapperValve.java:167)
		at org.apache.catalina.core.StandardContextValve.invoke(StandardContextValve.java:90)
		at org.apache.catalina.authenticator.AuthenticatorBase.invoke(AuthenticatorBase.java:598)
		at org.apache.catalina.valves.RequestFilterValve.process(RequestFilterValve.java:355)
		at org.apache.catalina.valves.RemoteAddrValve.invoke(RemoteAddrValve.java:54)
		at org.apache.catalina.core.StandardHostValve.invoke(StandardHostValve.java:115)
		at org.apache.catalina.valves.ErrorReportValve.invoke(ErrorReportValve.java:93)
		at org.apache.catalina.valves.AbstractAccessLogValve.invoke(AbstractAccessLogValve.java:663)
		at org.apache.catalina.core.StandardEngineValve.invoke(StandardEngineValve.java:74)
		at org.apache.catalina.connector.CoyoteAdapter.service(CoyoteAdapter.java:344)
		at org.apache.coyote.http11.Http11Processor.service(Http11Processor.java:384)
		at org.apache.coyote.AbstractProcessorLight.process(AbstractProcessorLight.java:63)
		at org.apache.coyote.AbstractProtocol$ConnectionHandler.process(AbstractProtocol.java:905)
		at org.apache.tomcat.util.net.NioEndpoint$SocketProcessor.doRun(NioEndpoint.java:1741)
		at org.apache.tomcat.util.net.SocketProcessorBase.run(SocketProcessorBase.java:52)
		at org.apache.tomcat.util.threads.ThreadPoolExecutor.runWorker(ThreadPoolExecutor.java:1190)
		at org.apache.tomcat.util.threads.ThreadPoolExecutor$Worker.run(ThreadPoolExecutor.java:659)
		at org.apache.tomcat.util.threads.TaskThread$WrappingRunnable.run(TaskThread.java:63)
		at java.base/java.lang.Thread.run(Thread.java:1583)
27-Sep-2024 12:50:36.815 SEVERE [http-nio-8080-exec-28] org.apache.catalina.core.StandardContext.listenerStart Error configuring application listener of class [websocket.drawboard.DrawboardContextListener]
	java.lang.ClassNotFoundException: websocket.drawboard.DrawboardContextListener
		at org.apache.catalina.loader.WebappClassLoaderBase.loadClass(WebappClassLoaderBase.java:1332)
		at org.apache.catalina.loader.WebappClassLoaderBase.loadClass(WebappClassLoaderBase.java:1144)
		at org.apache.catalina.core.DefaultInstanceManager.loadClass(DefaultInstanceManager.java:491)
		at org.apache.catalina.core.DefaultInstanceManager.loadClassMaybePrivileged(DefaultInstanceManager.java:473)
		at org.apache.catalina.core.DefaultInstanceManager.newInstance(DefaultInstanceManager.java:143)
		at org.apache.catalina.core.StandardContext.listenerStart(StandardContext.java:3922)
		at org.apache.catalina.core.StandardContext.startInternal(StandardContext.java:4422)
		at org.apache.catalina.util.LifecycleBase.start(LifecycleBase.java:164)
		at org.apache.catalina.manager.ManagerServlet.start(ManagerServlet.java:1283)
		at org.apache.catalina.manager.HTMLManagerServlet.start(HTMLManagerServlet.java:642)
		at org.apache.catalina.manager.HTMLManagerServlet.doPost(HTMLManagerServlet.java:188)
		at jakarta.servlet.http.HttpServlet.service(HttpServlet.java:590)
		at jakarta.servlet.http.HttpServlet.service(HttpServlet.java:658)
		at org.apache.catalina.core.ApplicationFilterChain.internalDoFilter(ApplicationFilterChain.java:195)
		at org.apache.catalina.core.ApplicationFilterChain.doFilter(ApplicationFilterChain.java:140)
		at org.apache.catalina.filters.CsrfPreventionFilter.doFilter(CsrfPreventionFilter.java:430)
		at org.apache.catalina.core.ApplicationFilterChain.internalDoFilter(ApplicationFilterChain.java:164)
		at org.apache.catalina.core.ApplicationFilterChain.doFilter(ApplicationFilterChain.java:140)
		at org.apache.tomcat.websocket.server.WsFilter.doFilter(WsFilter.java:51)
		at org.apache.catalina.core.ApplicationFilterChain.internalDoFilter(ApplicationFilterChain.java:164)
		at org.apache.catalina.core.ApplicationFilterChain.doFilter(ApplicationFilterChain.java:140)
		at org.apache.catalina.filters.HttpHeaderSecurityFilter.doFilter(HttpHeaderSecurityFilter.java:129)
		at org.apache.catalina.core.ApplicationFilterChain.internalDoFilter(ApplicationFilterChain.java:164)
		at org.apache.catalina.core.ApplicationFilterChain.doFilter(ApplicationFilterChain.java:140)
		at org.apache.catalina.core.StandardWrapperValve.invoke(StandardWrapperValve.java:167)
		at org.apache.catalina.core.StandardContextValve.invoke(StandardContextValve.java:90)
		at org.apache.catalina.authenticator.AuthenticatorBase.invoke(AuthenticatorBase.java:598)
		at org.apache.catalina.valves.RequestFilterValve.process(RequestFilterValve.java:355)
		at org.apache.catalina.valves.RemoteAddrValve.invoke(RemoteAddrValve.java:54)
		at org.apache.catalina.core.StandardHostValve.invoke(StandardHostValve.java:115)
		at org.apache.catalina.valves.ErrorReportValve.invoke(ErrorReportValve.java:93)
		at org.apache.catalina.valves.AbstractAccessLogValve.invoke(AbstractAccessLogValve.java:663)
		at org.apache.catalina.core.StandardEngineValve.invoke(StandardEngineValve.java:74)
		at org.apache.catalina.connector.CoyoteAdapter.service(CoyoteAdapter.java:344)
		at org.apache.coyote.http11.Http11Processor.service(Http11Processor.java:384)
		at org.apache.coyote.AbstractProcessorLight.process(AbstractProcessorLight.java:63)
		at org.apache.coyote.AbstractProtocol$ConnectionHandler.process(AbstractProtocol.java:905)
		at org.apache.tomcat.util.net.NioEndpoint$SocketProcessor.doRun(NioEndpoint.java:1741)
		at org.apache.tomcat.util.net.SocketProcessorBase.run(SocketProcessorBase.java:52)
		at org.apache.tomcat.util.threads.ThreadPoolExecutor.runWorker(ThreadPoolExecutor.java:1190)
		at org.apache.tomcat.util.threads.ThreadPoolExecutor$Worker.run(ThreadPoolExecutor.java:659)
		at org.apache.tomcat.util.threads.TaskThread$WrappingRunnable.run(TaskThread.java:63)
		at java.base/java.lang.Thread.run(Thread.java:1583)
27-Sep-2024 12:50:36.815 SEVERE [http-nio-8080-exec-28] org.apache.catalina.core.StandardContext.listenerStart Skipped installing application listeners due to previous error(s)
27-Sep-2024 12:50:46.246 SEVERE [http-nio-8080-exec-23] org.apache.catalina.core.StandardContext.listenerStart Error configuring application listener of class [listeners.ContextListener]
	java.lang.ClassNotFoundException: listeners.ContextListener
		at org.apache.catalina.loader.WebappClassLoaderBase.loadClass(WebappClassLoaderBase.java:1332)
		at org.apache.catalina.loader.WebappClassLoaderBase.loadClass(WebappClassLoaderBase.java:1144)
		at org.apache.catalina.core.DefaultInstanceManager.loadClass(DefaultInstanceManager.java:491)
		at org.apache.catalina.core.DefaultInstanceManager.loadClassMaybePrivileged(DefaultInstanceManager.java:473)
		at org.apache.catalina.core.DefaultInstanceManager.newInstance(DefaultInstanceManager.java:143)
		at org.apache.catalina.core.StandardContext.listenerStart(StandardContext.java:3922)
		at org.apache.catalina.core.StandardContext.startInternal(StandardContext.java:4422)
		at org.apache.catalina.util.LifecycleBase.start(LifecycleBase.java:164)
		at org.apache.catalina.manager.ManagerServlet.start(ManagerServlet.java:1283)
		at org.apache.catalina.manager.HTMLManagerServlet.start(HTMLManagerServlet.java:642)
		at org.apache.catalina.manager.HTMLManagerServlet.doPost(HTMLManagerServlet.java:188)
		at jakarta.servlet.http.HttpServlet.service(HttpServlet.java:590)
		at jakarta.servlet.http.HttpServlet.service(HttpServlet.java:658)
		at org.apache.catalina.core.ApplicationFilterChain.internalDoFilter(ApplicationFilterChain.java:195)
		at org.apache.catalina.core.ApplicationFilterChain.doFilter(ApplicationFilterChain.java:140)
		at org.apache.catalina.filters.CsrfPreventionFilter.doFilter(CsrfPreventionFilter.java:430)
		at org.apache.catalina.core.ApplicationFilterChain.internalDoFilter(ApplicationFilterChain.java:164)
		at org.apache.catalina.core.ApplicationFilterChain.doFilter(ApplicationFilterChain.java:140)
		at org.apache.tomcat.websocket.server.WsFilter.doFilter(WsFilter.java:51)
		at org.apache.catalina.core.ApplicationFilterChain.internalDoFilter(ApplicationFilterChain.java:164)
		at org.apache.catalina.core.ApplicationFilterChain.doFilter(ApplicationFilterChain.java:140)
		at org.apache.catalina.filters.HttpHeaderSecurityFilter.doFilter(HttpHeaderSecurityFilter.java:129)
		at org.apache.catalina.core.ApplicationFilterChain.internalDoFilter(ApplicationFilterChain.java:164)
		at org.apache.catalina.core.ApplicationFilterChain.doFilter(ApplicationFilterChain.java:140)
		at org.apache.catalina.core.StandardWrapperValve.invoke(StandardWrapperValve.java:167)
		at org.apache.catalina.core.StandardContextValve.invoke(StandardContextValve.java:90)
		at org.apache.catalina.authenticator.AuthenticatorBase.invoke(AuthenticatorBase.java:598)
		at org.apache.catalina.valves.RequestFilterValve.process(RequestFilterValve.java:355)
		at org.apache.catalina.valves.RemoteAddrValve.invoke(RemoteAddrValve.java:54)
		at org.apache.catalina.core.StandardHostValve.invoke(StandardHostValve.java:115)
		at org.apache.catalina.valves.ErrorReportValve.invoke(ErrorReportValve.java:93)
		at org.apache.catalina.valves.AbstractAccessLogValve.invoke(AbstractAccessLogValve.java:663)
		at org.apache.catalina.core.StandardEngineValve.invoke(StandardEngineValve.java:74)
		at org.apache.catalina.connector.CoyoteAdapter.service(CoyoteAdapter.java:344)
		at org.apache.coyote.http11.Http11Processor.service(Http11Processor.java:384)
		at org.apache.coyote.AbstractProcessorLight.process(AbstractProcessorLight.java:63)
		at org.apache.coyote.AbstractProtocol$ConnectionHandler.process(AbstractProtocol.java:905)
		at org.apache.tomcat.util.net.NioEndpoint$SocketProcessor.doRun(NioEndpoint.java:1741)
		at org.apache.tomcat.util.net.SocketProcessorBase.run(SocketProcessorBase.java:52)
		at org.apache.tomcat.util.threads.ThreadPoolExecutor.runWorker(ThreadPoolExecutor.java:1190)
		at org.apache.tomcat.util.threads.ThreadPoolExecutor$Worker.run(ThreadPoolExecutor.java:659)
		at org.apache.tomcat.util.threads.TaskThread$WrappingRunnable.run(TaskThread.java:63)
		at java.base/java.lang.Thread.run(Thread.java:1583)
27-Sep-2024 12:50:46.246 SEVERE [http-nio-8080-exec-23] org.apache.catalina.core.StandardContext.listenerStart Error configuring application listener of class [listeners.SessionListener]
	java.lang.ClassNotFoundException: listeners.SessionListener
		at org.apache.catalina.loader.WebappClassLoaderBase.loadClass(WebappClassLoaderBase.java:1332)
		at org.apache.catalina.loader.WebappClassLoaderBase.loadClass(WebappClassLoaderBase.java:1144)
		at org.apache.catalina.core.DefaultInstanceManager.loadClass(DefaultInstanceManager.java:491)
		at org.apache.catalina.core.DefaultInstanceManager.loadClassMaybePrivileged(DefaultInstanceManager.java:473)
		at org.apache.catalina.core.DefaultInstanceManager.newInstance(DefaultInstanceManager.java:143)
		at org.apache.catalina.core.StandardContext.listenerStart(StandardContext.java:3922)
		at org.apache.catalina.core.StandardContext.startInternal(StandardContext.java:4422)
		at org.apache.catalina.util.LifecycleBase.start(LifecycleBase.java:164)
		at org.apache.catalina.manager.ManagerServlet.start(ManagerServlet.java:1283)
		at org.apache.catalina.manager.HTMLManagerServlet.start(HTMLManagerServlet.java:642)
		at org.apache.catalina.manager.HTMLManagerServlet.doPost(HTMLManagerServlet.java:188)
		at jakarta.servlet.http.HttpServlet.service(HttpServlet.java:590)
		at jakarta.servlet.http.HttpServlet.service(HttpServlet.java:658)
		at org.apache.catalina.core.ApplicationFilterChain.internalDoFilter(ApplicationFilterChain.java:195)
		at org.apache.catalina.core.ApplicationFilterChain.doFilter(ApplicationFilterChain.java:140)
		at org.apache.catalina.filters.CsrfPreventionFilter.doFilter(CsrfPreventionFilter.java:430)
		at org.apache.catalina.core.ApplicationFilterChain.internalDoFilter(ApplicationFilterChain.java:164)
		at org.apache.catalina.core.ApplicationFilterChain.doFilter(ApplicationFilterChain.java:140)
		at org.apache.tomcat.websocket.server.WsFilter.doFilter(WsFilter.java:51)
		at org.apache.catalina.core.ApplicationFilterChain.internalDoFilter(ApplicationFilterChain.java:164)
		at org.apache.catalina.core.ApplicationFilterChain.doFilter(ApplicationFilterChain.java:140)
		at org.apache.catalina.filters.HttpHeaderSecurityFilter.doFilter(HttpHeaderSecurityFilter.java:129)
		at org.apache.catalina.core.ApplicationFilterChain.internalDoFilter(ApplicationFilterChain.java:164)
		at org.apache.catalina.core.ApplicationFilterChain.doFilter(ApplicationFilterChain.java:140)
		at org.apache.catalina.core.StandardWrapperValve.invoke(StandardWrapperValve.java:167)
		at org.apache.catalina.core.StandardContextValve.invoke(StandardContextValve.java:90)
		at org.apache.catalina.authenticator.AuthenticatorBase.invoke(AuthenticatorBase.java:598)
		at org.apache.catalina.valves.RequestFilterValve.process(RequestFilterValve.java:355)
		at org.apache.catalina.valves.RemoteAddrValve.invoke(RemoteAddrValve.java:54)
		at org.apache.catalina.core.StandardHostValve.invoke(StandardHostValve.java:115)
		at org.apache.catalina.valves.ErrorReportValve.invoke(ErrorReportValve.java:93)
		at org.apache.catalina.valves.AbstractAccessLogValve.invoke(AbstractAccessLogValve.java:663)
		at org.apache.catalina.core.StandardEngineValve.invoke(StandardEngineValve.java:74)
		at org.apache.catalina.connector.CoyoteAdapter.service(CoyoteAdapter.java:344)
		at org.apache.coyote.http11.Http11Processor.service(Http11Processor.java:384)
		at org.apache.coyote.AbstractProcessorLight.process(AbstractProcessorLight.java:63)
		at org.apache.coyote.AbstractProtocol$ConnectionHandler.process(AbstractProtocol.java:905)
		at org.apache.tomcat.util.net.NioEndpoint$SocketProcessor.doRun(NioEndpoint.java:1741)
		at org.apache.tomcat.util.net.SocketProcessorBase.run(SocketProcessorBase.java:52)
		at org.apache.tomcat.util.threads.ThreadPoolExecutor.runWorker(ThreadPoolExecutor.java:1190)
		at org.apache.tomcat.util.threads.ThreadPoolExecutor$Worker.run(ThreadPoolExecutor.java:659)
		at org.apache.tomcat.util.threads.TaskThread$WrappingRunnable.run(TaskThread.java:63)
		at java.base/java.lang.Thread.run(Thread.java:1583)
27-Sep-2024 12:50:46.246 SEVERE [http-nio-8080-exec-23] org.apache.catalina.core.StandardContext.listenerStart Error configuring application listener of class [async.AsyncStockContextListener]
	java.lang.ClassNotFoundException: async.AsyncStockContextListener
		at org.apache.catalina.loader.WebappClassLoaderBase.loadClass(WebappClassLoaderBase.java:1332)
		at org.apache.catalina.loader.WebappClassLoaderBase.loadClass(WebappClassLoaderBase.java:1144)
		at org.apache.catalina.core.DefaultInstanceManager.loadClass(DefaultInstanceManager.java:491)
		at org.apache.catalina.core.DefaultInstanceManager.loadClassMaybePrivileged(DefaultInstanceManager.java:473)
		at org.apache.catalina.core.DefaultInstanceManager.newInstance(DefaultInstanceManager.java:143)
		at org.apache.catalina.core.StandardContext.listenerStart(StandardContext.java:3922)
		at org.apache.catalina.core.StandardContext.startInternal(StandardContext.java:4422)
		at org.apache.catalina.util.LifecycleBase.start(LifecycleBase.java:164)
		at org.apache.catalina.manager.ManagerServlet.start(ManagerServlet.java:1283)
		at org.apache.catalina.manager.HTMLManagerServlet.start(HTMLManagerServlet.java:642)
		at org.apache.catalina.manager.HTMLManagerServlet.doPost(HTMLManagerServlet.java:188)
		at jakarta.servlet.http.HttpServlet.service(HttpServlet.java:590)
		at jakarta.servlet.http.HttpServlet.service(HttpServlet.java:658)
		at org.apache.catalina.core.ApplicationFilterChain.internalDoFilter(ApplicationFilterChain.java:195)
		at org.apache.catalina.core.ApplicationFilterChain.doFilter(ApplicationFilterChain.java:140)
		at org.apache.catalina.filters.CsrfPreventionFilter.doFilter(CsrfPreventionFilter.java:430)
		at org.apache.catalina.core.ApplicationFilterChain.internalDoFilter(ApplicationFilterChain.java:164)
		at org.apache.catalina.core.ApplicationFilterChain.doFilter(ApplicationFilterChain.java:140)
		at org.apache.tomcat.websocket.server.WsFilter.doFilter(WsFilter.java:51)
		at org.apache.catalina.core.ApplicationFilterChain.internalDoFilter(ApplicationFilterChain.java:164)
		at org.apache.catalina.core.ApplicationFilterChain.doFilter(ApplicationFilterChain.java:140)
		at org.apache.catalina.filters.HttpHeaderSecurityFilter.doFilter(HttpHeaderSecurityFilter.java:129)
		at org.apache.catalina.core.ApplicationFilterChain.internalDoFilter(ApplicationFilterChain.java:164)
		at org.apache.catalina.core.ApplicationFilterChain.doFilter(ApplicationFilterChain.java:140)
		at org.apache.catalina.core.StandardWrapperValve.invoke(StandardWrapperValve.java:167)
		at org.apache.catalina.core.StandardContextValve.invoke(StandardContextValve.java:90)
		at org.apache.catalina.authenticator.AuthenticatorBase.invoke(AuthenticatorBase.java:598)
		at org.apache.catalina.valves.RequestFilterValve.process(RequestFilterValve.java:355)
		at org.apache.catalina.valves.RemoteAddrValve.invoke(RemoteAddrValve.java:54)
		at org.apache.catalina.core.StandardHostValve.invoke(StandardHostValve.java:115)
		at org.apache.catalina.valves.ErrorReportValve.invoke(ErrorReportValve.java:93)
		at org.apache.catalina.valves.AbstractAccessLogValve.invoke(AbstractAccessLogValve.java:663)
		at org.apache.catalina.core.StandardEngineValve.invoke(StandardEngineValve.java:74)
		at org.apache.catalina.connector.CoyoteAdapter.service(CoyoteAdapter.java:344)
		at org.apache.coyote.http11.Http11Processor.service(Http11Processor.java:384)
		at org.apache.coyote.AbstractProcessorLight.process(AbstractProcessorLight.java:63)
		at org.apache.coyote.AbstractProtocol$ConnectionHandler.process(AbstractProtocol.java:905)
		at org.apache.tomcat.util.net.NioEndpoint$SocketProcessor.doRun(NioEndpoint.java:1741)
		at org.apache.tomcat.util.net.SocketProcessorBase.run(SocketProcessorBase.java:52)
		at org.apache.tomcat.util.threads.ThreadPoolExecutor.runWorker(ThreadPoolExecutor.java:1190)
		at org.apache.tomcat.util.threads.ThreadPoolExecutor$Worker.run(ThreadPoolExecutor.java:659)
		at org.apache.tomcat.util.threads.TaskThread$WrappingRunnable.run(TaskThread.java:63)
		at java.base/java.lang.Thread.run(Thread.java:1583)
27-Sep-2024 12:50:46.246 SEVERE [http-nio-8080-exec-23] org.apache.catalina.core.StandardContext.listenerStart Error configuring application listener of class [websocket.drawboard.DrawboardContextListener]
	java.lang.ClassNotFoundException: websocket.drawboard.DrawboardContextListener
		at org.apache.catalina.loader.WebappClassLoaderBase.loadClass(WebappClassLoaderBase.java:1332)
		at org.apache.catalina.loader.WebappClassLoaderBase.loadClass(WebappClassLoaderBase.java:1144)
		at org.apache.catalina.core.DefaultInstanceManager.loadClass(DefaultInstanceManager.java:491)
		at org.apache.catalina.core.DefaultInstanceManager.loadClassMaybePrivileged(DefaultInstanceManager.java:473)
		at org.apache.catalina.core.DefaultInstanceManager.newInstance(DefaultInstanceManager.java:143)
		at org.apache.catalina.core.StandardContext.listenerStart(StandardContext.java:3922)
		at org.apache.catalina.core.StandardContext.startInternal(StandardContext.java:4422)
		at org.apache.catalina.util.LifecycleBase.start(LifecycleBase.java:164)
		at org.apache.catalina.manager.ManagerServlet.start(ManagerServlet.java:1283)
		at org.apache.catalina.manager.HTMLManagerServlet.start(HTMLManagerServlet.java:642)
		at org.apache.catalina.manager.HTMLManagerServlet.doPost(HTMLManagerServlet.java:188)
		at jakarta.servlet.http.HttpServlet.service(HttpServlet.java:590)
		at jakarta.servlet.http.HttpServlet.service(HttpServlet.java:658)
		at org.apache.catalina.core.ApplicationFilterChain.internalDoFilter(ApplicationFilterChain.java:195)
		at org.apache.catalina.core.ApplicationFilterChain.doFilter(ApplicationFilterChain.java:140)
		at org.apache.catalina.filters.CsrfPreventionFilter.doFilter(CsrfPreventionFilter.java:430)
		at org.apache.catalina.core.ApplicationFilterChain.internalDoFilter(ApplicationFilterChain.java:164)
		at org.apache.catalina.core.ApplicationFilterChain.doFilter(ApplicationFilterChain.java:140)
		at org.apache.tomcat.websocket.server.WsFilter.doFilter(WsFilter.java:51)
		at org.apache.catalina.core.ApplicationFilterChain.internalDoFilter(ApplicationFilterChain.java:164)
		at org.apache.catalina.core.ApplicationFilterChain.doFilter(ApplicationFilterChain.java:140)
		at org.apache.catalina.filters.HttpHeaderSecurityFilter.doFilter(HttpHeaderSecurityFilter.java:129)
		at org.apache.catalina.core.ApplicationFilterChain.internalDoFilter(ApplicationFilterChain.java:164)
		at org.apache.catalina.core.ApplicationFilterChain.doFilter(ApplicationFilterChain.java:140)
		at org.apache.catalina.core.StandardWrapperValve.invoke(StandardWrapperValve.java:167)
		at org.apache.catalina.core.StandardContextValve.invoke(StandardContextValve.java:90)
		at org.apache.catalina.authenticator.AuthenticatorBase.invoke(AuthenticatorBase.java:598)
		at org.apache.catalina.valves.RequestFilterValve.process(RequestFilterValve.java:355)
		at org.apache.catalina.valves.RemoteAddrValve.invoke(RemoteAddrValve.java:54)
		at org.apache.catalina.core.StandardHostValve.invoke(StandardHostValve.java:115)
		at org.apache.catalina.valves.ErrorReportValve.invoke(ErrorReportValve.java:93)
		at org.apache.catalina.valves.AbstractAccessLogValve.invoke(AbstractAccessLogValve.java:663)
		at org.apache.catalina.core.StandardEngineValve.invoke(StandardEngineValve.java:74)
		at org.apache.catalina.connector.CoyoteAdapter.service(CoyoteAdapter.java:344)
		at org.apache.coyote.http11.Http11Processor.service(Http11Processor.java:384)
		at org.apache.coyote.AbstractProcessorLight.process(AbstractProcessorLight.java:63)
		at org.apache.coyote.AbstractProtocol$ConnectionHandler.process(AbstractProtocol.java:905)
		at org.apache.tomcat.util.net.NioEndpoint$SocketProcessor.doRun(NioEndpoint.java:1741)
		at org.apache.tomcat.util.net.SocketProcessorBase.run(SocketProcessorBase.java:52)
		at org.apache.tomcat.util.threads.ThreadPoolExecutor.runWorker(ThreadPoolExecutor.java:1190)
		at org.apache.tomcat.util.threads.ThreadPoolExecutor$Worker.run(ThreadPoolExecutor.java:659)
		at org.apache.tomcat.util.threads.TaskThread$WrappingRunnable.run(TaskThread.java:63)
		at java.base/java.lang.Thread.run(Thread.java:1583)
27-Sep-2024 12:50:46.246 SEVERE [http-nio-8080-exec-23] org.apache.catalina.core.StandardContext.listenerStart Skipped installing application listeners due to previous error(s)
27-Sep-2024 12:50:52.357 SEVERE [http-nio-8080-exec-27] org.apache.catalina.core.StandardContext.listenerStart Error configuring application listener of class [listeners.ContextListener]
	java.lang.ClassNotFoundException: listeners.ContextListener
		at org.apache.catalina.loader.WebappClassLoaderBase.loadClass(WebappClassLoaderBase.java:1332)
		at org.apache.catalina.loader.WebappClassLoaderBase.loadClass(WebappClassLoaderBase.java:1144)
		at org.apache.catalina.core.DefaultInstanceManager.loadClass(DefaultInstanceManager.java:491)
		at org.apache.catalina.core.DefaultInstanceManager.loadClassMaybePrivileged(DefaultInstanceManager.java:473)
		at org.apache.catalina.core.DefaultInstanceManager.newInstance(DefaultInstanceManager.java:143)
		at org.apache.catalina.core.StandardContext.listenerStart(StandardContext.java:3922)
		at org.apache.catalina.core.StandardContext.startInternal(StandardContext.java:4422)
		at org.apache.catalina.util.LifecycleBase.start(LifecycleBase.java:164)
		at org.apache.catalina.manager.ManagerServlet.start(ManagerServlet.java:1283)
		at org.apache.catalina.manager.HTMLManagerServlet.start(HTMLManagerServlet.java:642)
		at org.apache.catalina.manager.HTMLManagerServlet.doPost(HTMLManagerServlet.java:188)
		at jakarta.servlet.http.HttpServlet.service(HttpServlet.java:590)
		at jakarta.servlet.http.HttpServlet.service(HttpServlet.java:658)
		at org.apache.catalina.core.ApplicationFilterChain.internalDoFilter(ApplicationFilterChain.java:195)
		at org.apache.catalina.core.ApplicationFilterChain.doFilter(ApplicationFilterChain.java:140)
		at org.apache.catalina.filters.CsrfPreventionFilter.doFilter(CsrfPreventionFilter.java:430)
		at org.apache.catalina.core.ApplicationFilterChain.internalDoFilter(ApplicationFilterChain.java:164)
		at org.apache.catalina.core.ApplicationFilterChain.doFilter(ApplicationFilterChain.java:140)
		at org.apache.tomcat.websocket.server.WsFilter.doFilter(WsFilter.java:51)
		at org.apache.catalina.core.ApplicationFilterChain.internalDoFilter(ApplicationFilterChain.java:164)
		at org.apache.catalina.core.ApplicationFilterChain.doFilter(ApplicationFilterChain.java:140)
		at org.apache.catalina.filters.HttpHeaderSecurityFilter.doFilter(HttpHeaderSecurityFilter.java:129)
		at org.apache.catalina.core.ApplicationFilterChain.internalDoFilter(ApplicationFilterChain.java:164)
		at org.apache.catalina.core.ApplicationFilterChain.doFilter(ApplicationFilterChain.java:140)
		at org.apache.catalina.core.StandardWrapperValve.invoke(StandardWrapperValve.java:167)
		at org.apache.catalina.core.StandardContextValve.invoke(StandardContextValve.java:90)
		at org.apache.catalina.authenticator.AuthenticatorBase.invoke(AuthenticatorBase.java:598)
		at org.apache.catalina.valves.RequestFilterValve.process(RequestFilterValve.java:355)
		at org.apache.catalina.valves.RemoteAddrValve.invoke(RemoteAddrValve.java:54)
		at org.apache.catalina.core.StandardHostValve.invoke(StandardHostValve.java:115)
		at org.apache.catalina.valves.ErrorReportValve.invoke(ErrorReportValve.java:93)
		at org.apache.catalina.valves.AbstractAccessLogValve.invoke(AbstractAccessLogValve.java:663)
		at org.apache.catalina.core.StandardEngineValve.invoke(StandardEngineValve.java:74)
		at org.apache.catalina.connector.CoyoteAdapter.service(CoyoteAdapter.java:344)
		at org.apache.coyote.http11.Http11Processor.service(Http11Processor.java:384)
		at org.apache.coyote.AbstractProcessorLight.process(AbstractProcessorLight.java:63)
		at org.apache.coyote.AbstractProtocol$ConnectionHandler.process(AbstractProtocol.java:905)
		at org.apache.tomcat.util.net.NioEndpoint$SocketProcessor.doRun(NioEndpoint.java:1741)
		at org.apache.tomcat.util.net.SocketProcessorBase.run(SocketProcessorBase.java:52)
		at org.apache.tomcat.util.threads.ThreadPoolExecutor.runWorker(ThreadPoolExecutor.java:1190)
		at org.apache.tomcat.util.threads.ThreadPoolExecutor$Worker.run(ThreadPoolExecutor.java:659)
		at org.apache.tomcat.util.threads.TaskThread$WrappingRunnable.run(TaskThread.java:63)
		at java.base/java.lang.Thread.run(Thread.java:1583)
27-Sep-2024 12:50:52.357 SEVERE [http-nio-8080-exec-27] org.apache.catalina.core.StandardContext.listenerStart Error configuring application listener of class [listeners.SessionListener]
	java.lang.ClassNotFoundException: listeners.SessionListener
		at org.apache.catalina.loader.WebappClassLoaderBase.loadClass(WebappClassLoaderBase.java:1332)
		at org.apache.catalina.loader.WebappClassLoaderBase.loadClass(WebappClassLoaderBase.java:1144)
		at org.apache.catalina.core.DefaultInstanceManager.loadClass(DefaultInstanceManager.java:491)
		at org.apache.catalina.core.DefaultInstanceManager.loadClassMaybePrivileged(DefaultInstanceManager.java:473)
		at org.apache.catalina.core.DefaultInstanceManager.newInstance(DefaultInstanceManager.java:143)
		at org.apache.catalina.core.StandardContext.listenerStart(StandardContext.java:3922)
		at org.apache.catalina.core.StandardContext.startInternal(StandardContext.java:4422)
		at org.apache.catalina.util.LifecycleBase.start(LifecycleBase.java:164)
		at org.apache.catalina.manager.ManagerServlet.start(ManagerServlet.java:1283)
		at org.apache.catalina.manager.HTMLManagerServlet.start(HTMLManagerServlet.java:642)
		at org.apache.catalina.manager.HTMLManagerServlet.doPost(HTMLManagerServlet.java:188)
		at jakarta.servlet.http.HttpServlet.service(HttpServlet.java:590)
		at jakarta.servlet.http.HttpServlet.service(HttpServlet.java:658)
		at org.apache.catalina.core.ApplicationFilterChain.internalDoFilter(ApplicationFilterChain.java:195)
		at org.apache.catalina.core.ApplicationFilterChain.doFilter(ApplicationFilterChain.java:140)
		at org.apache.catalina.filters.CsrfPreventionFilter.doFilter(CsrfPreventionFilter.java:430)
		at org.apache.catalina.core.ApplicationFilterChain.internalDoFilter(ApplicationFilterChain.java:164)
		at org.apache.catalina.core.ApplicationFilterChain.doFilter(ApplicationFilterChain.java:140)
		at org.apache.tomcat.websocket.server.WsFilter.doFilter(WsFilter.java:51)
		at org.apache.catalina.core.ApplicationFilterChain.internalDoFilter(ApplicationFilterChain.java:164)
		at org.apache.catalina.core.ApplicationFilterChain.doFilter(ApplicationFilterChain.java:140)
		at org.apache.catalina.filters.HttpHeaderSecurityFilter.doFilter(HttpHeaderSecurityFilter.java:129)
		at org.apache.catalina.core.ApplicationFilterChain.internalDoFilter(ApplicationFilterChain.java:164)
		at org.apache.catalina.core.ApplicationFilterChain.doFilter(ApplicationFilterChain.java:140)
		at org.apache.catalina.core.StandardWrapperValve.invoke(StandardWrapperValve.java:167)
		at org.apache.catalina.core.StandardContextValve.invoke(StandardContextValve.java:90)
		at org.apache.catalina.authenticator.AuthenticatorBase.invoke(AuthenticatorBase.java:598)
		at org.apache.catalina.valves.RequestFilterValve.process(RequestFilterValve.java:355)
		at org.apache.catalina.valves.RemoteAddrValve.invoke(RemoteAddrValve.java:54)
		at org.apache.catalina.core.StandardHostValve.invoke(StandardHostValve.java:115)
		at org.apache.catalina.valves.ErrorReportValve.invoke(ErrorReportValve.java:93)
		at org.apache.catalina.valves.AbstractAccessLogValve.invoke(AbstractAccessLogValve.java:663)
		at org.apache.catalina.core.StandardEngineValve.invoke(StandardEngineValve.java:74)
		at org.apache.catalina.connector.CoyoteAdapter.service(CoyoteAdapter.java:344)
		at org.apache.coyote.http11.Http11Processor.service(Http11Processor.java:384)
		at org.apache.coyote.AbstractProcessorLight.process(AbstractProcessorLight.java:63)
		at org.apache.coyote.AbstractProtocol$ConnectionHandler.process(AbstractProtocol.java:905)
		at org.apache.tomcat.util.net.NioEndpoint$SocketProcessor.doRun(NioEndpoint.java:1741)
		at org.apache.tomcat.util.net.SocketProcessorBase.run(SocketProcessorBase.java:52)
		at org.apache.tomcat.util.threads.ThreadPoolExecutor.runWorker(ThreadPoolExecutor.java:1190)
		at org.apache.tomcat.util.threads.ThreadPoolExecutor$Worker.run(ThreadPoolExecutor.java:659)
		at org.apache.tomcat.util.threads.TaskThread$WrappingRunnable.run(TaskThread.java:63)
		at java.base/java.lang.Thread.run(Thread.java:1583)
27-Sep-2024 12:50:52.357 SEVERE [http-nio-8080-exec-27] org.apache.catalina.core.StandardContext.listenerStart Error configuring application listener of class [async.AsyncStockContextListener]
	java.lang.ClassNotFoundException: async.AsyncStockContextListener
		at org.apache.catalina.loader.WebappClassLoaderBase.loadClass(WebappClassLoaderBase.java:1332)
		at org.apache.catalina.loader.WebappClassLoaderBase.loadClass(WebappClassLoaderBase.java:1144)
		at org.apache.catalina.core.DefaultInstanceManager.loadClass(DefaultInstanceManager.java:491)
		at org.apache.catalina.core.DefaultInstanceManager.loadClassMaybePrivileged(DefaultInstanceManager.java:473)
		at org.apache.catalina.core.DefaultInstanceManager.newInstance(DefaultInstanceManager.java:143)
		at org.apache.catalina.core.StandardContext.listenerStart(StandardContext.java:3922)
		at org.apache.catalina.core.StandardContext.startInternal(StandardContext.java:4422)
		at org.apache.catalina.util.LifecycleBase.start(LifecycleBase.java:164)
		at org.apache.catalina.manager.ManagerServlet.start(ManagerServlet.java:1283)
		at org.apache.catalina.manager.HTMLManagerServlet.start(HTMLManagerServlet.java:642)
		at org.apache.catalina.manager.HTMLManagerServlet.doPost(HTMLManagerServlet.java:188)
		at jakarta.servlet.http.HttpServlet.service(HttpServlet.java:590)
		at jakarta.servlet.http.HttpServlet.service(HttpServlet.java:658)
		at org.apache.catalina.core.ApplicationFilterChain.internalDoFilter(ApplicationFilterChain.java:195)
		at org.apache.catalina.core.ApplicationFilterChain.doFilter(ApplicationFilterChain.java:140)
		at org.apache.catalina.filters.CsrfPreventionFilter.doFilter(CsrfPreventionFilter.java:430)
		at org.apache.catalina.core.ApplicationFilterChain.internalDoFilter(ApplicationFilterChain.java:164)
		at org.apache.catalina.core.ApplicationFilterChain.doFilter(ApplicationFilterChain.java:140)
		at org.apache.tomcat.websocket.server.WsFilter.doFilter(WsFilter.java:51)
		at org.apache.catalina.core.ApplicationFilterChain.internalDoFilter(ApplicationFilterChain.java:164)
		at org.apache.catalina.core.ApplicationFilterChain.doFilter(ApplicationFilterChain.java:140)
		at org.apache.catalina.filters.HttpHeaderSecurityFilter.doFilter(HttpHeaderSecurityFilter.java:129)
		at org.apache.catalina.core.ApplicationFilterChain.internalDoFilter(ApplicationFilterChain.java:164)
		at org.apache.catalina.core.ApplicationFilterChain.doFilter(ApplicationFilterChain.java:140)
		at org.apache.catalina.core.StandardWrapperValve.invoke(StandardWrapperValve.java:167)
		at org.apache.catalina.core.StandardContextValve.invoke(StandardContextValve.java:90)
		at org.apache.catalina.authenticator.AuthenticatorBase.invoke(AuthenticatorBase.java:598)
		at org.apache.catalina.valves.RequestFilterValve.process(RequestFilterValve.java:355)
		at org.apache.catalina.valves.RemoteAddrValve.invoke(RemoteAddrValve.java:54)
		at org.apache.catalina.core.StandardHostValve.invoke(StandardHostValve.java:115)
		at org.apache.catalina.valves.ErrorReportValve.invoke(ErrorReportValve.java:93)
		at org.apache.catalina.valves.AbstractAccessLogValve.invoke(AbstractAccessLogValve.java:663)
		at org.apache.catalina.core.StandardEngineValve.invoke(StandardEngineValve.java:74)
		at org.apache.catalina.connector.CoyoteAdapter.service(CoyoteAdapter.java:344)
		at org.apache.coyote.http11.Http11Processor.service(Http11Processor.java:384)
		at org.apache.coyote.AbstractProcessorLight.process(AbstractProcessorLight.java:63)
		at org.apache.coyote.AbstractProtocol$ConnectionHandler.process(AbstractProtocol.java:905)
		at org.apache.tomcat.util.net.NioEndpoint$SocketProcessor.doRun(NioEndpoint.java:1741)
		at org.apache.tomcat.util.net.SocketProcessorBase.run(SocketProcessorBase.java:52)
		at org.apache.tomcat.util.threads.ThreadPoolExecutor.runWorker(ThreadPoolExecutor.java:1190)
		at org.apache.tomcat.util.threads.ThreadPoolExecutor$Worker.run(ThreadPoolExecutor.java:659)
		at org.apache.tomcat.util.threads.TaskThread$WrappingRunnable.run(TaskThread.java:63)
		at java.base/java.lang.Thread.run(Thread.java:1583)
27-Sep-2024 12:50:52.357 SEVERE [http-nio-8080-exec-27] org.apache.catalina.core.StandardContext.listenerStart Error configuring application listener of class [websocket.drawboard.DrawboardContextListener]
	java.lang.ClassNotFoundException: websocket.drawboard.DrawboardContextListener
		at org.apache.catalina.loader.WebappClassLoaderBase.loadClass(WebappClassLoaderBase.java:1332)
		at org.apache.catalina.loader.WebappClassLoaderBase.loadClass(WebappClassLoaderBase.java:1144)
		at org.apache.catalina.core.DefaultInstanceManager.loadClass(DefaultInstanceManager.java:491)
		at org.apache.catalina.core.DefaultInstanceManager.loadClassMaybePrivileged(DefaultInstanceManager.java:473)
		at org.apache.catalina.core.DefaultInstanceManager.newInstance(DefaultInstanceManager.java:143)
		at org.apache.catalina.core.StandardContext.listenerStart(StandardContext.java:3922)
		at org.apache.catalina.core.StandardContext.startInternal(StandardContext.java:4422)
		at org.apache.catalina.util.LifecycleBase.start(LifecycleBase.java:164)
		at org.apache.catalina.manager.ManagerServlet.start(ManagerServlet.java:1283)
		at org.apache.catalina.manager.HTMLManagerServlet.start(HTMLManagerServlet.java:642)
		at org.apache.catalina.manager.HTMLManagerServlet.doPost(HTMLManagerServlet.java:188)
		at jakarta.servlet.http.HttpServlet.service(HttpServlet.java:590)
		at jakarta.servlet.http.HttpServlet.service(HttpServlet.java:658)
		at org.apache.catalina.core.ApplicationFilterChain.internalDoFilter(ApplicationFilterChain.java:195)
		at org.apache.catalina.core.ApplicationFilterChain.doFilter(ApplicationFilterChain.java:140)
		at org.apache.catalina.filters.CsrfPreventionFilter.doFilter(CsrfPreventionFilter.java:430)
		at org.apache.catalina.core.ApplicationFilterChain.internalDoFilter(ApplicationFilterChain.java:164)
		at org.apache.catalina.core.ApplicationFilterChain.doFilter(ApplicationFilterChain.java:140)
		at org.apache.tomcat.websocket.server.WsFilter.doFilter(WsFilter.java:51)
		at org.apache.catalina.core.ApplicationFilterChain.internalDoFilter(ApplicationFilterChain.java:164)
		at org.apache.catalina.core.ApplicationFilterChain.doFilter(ApplicationFilterChain.java:140)
		at org.apache.catalina.filters.HttpHeaderSecurityFilter.doFilter(HttpHeaderSecurityFilter.java:129)
		at org.apache.catalina.core.ApplicationFilterChain.internalDoFilter(ApplicationFilterChain.java:164)
		at org.apache.catalina.core.ApplicationFilterChain.doFilter(ApplicationFilterChain.java:140)
		at org.apache.catalina.core.StandardWrapperValve.invoke(StandardWrapperValve.java:167)
		at org.apache.catalina.core.StandardContextValve.invoke(StandardContextValve.java:90)
		at org.apache.catalina.authenticator.AuthenticatorBase.invoke(AuthenticatorBase.java:598)
		at org.apache.catalina.valves.RequestFilterValve.process(RequestFilterValve.java:355)
		at org.apache.catalina.valves.RemoteAddrValve.invoke(RemoteAddrValve.java:54)
		at org.apache.catalina.core.StandardHostValve.invoke(StandardHostValve.java:115)
		at org.apache.catalina.valves.ErrorReportValve.invoke(ErrorReportValve.java:93)
		at org.apache.catalina.valves.AbstractAccessLogValve.invoke(AbstractAccessLogValve.java:663)
		at org.apache.catalina.core.StandardEngineValve.invoke(StandardEngineValve.java:74)
		at org.apache.catalina.connector.CoyoteAdapter.service(CoyoteAdapter.java:344)
		at org.apache.coyote.http11.Http11Processor.service(Http11Processor.java:384)
		at org.apache.coyote.AbstractProcessorLight.process(AbstractProcessorLight.java:63)
		at org.apache.coyote.AbstractProtocol$ConnectionHandler.process(AbstractProtocol.java:905)
		at org.apache.tomcat.util.net.NioEndpoint$SocketProcessor.doRun(NioEndpoint.java:1741)
		at org.apache.tomcat.util.net.SocketProcessorBase.run(SocketProcessorBase.java:52)
		at org.apache.tomcat.util.threads.ThreadPoolExecutor.runWorker(ThreadPoolExecutor.java:1190)
		at org.apache.tomcat.util.threads.ThreadPoolExecutor$Worker.run(ThreadPoolExecutor.java:659)
		at org.apache.tomcat.util.threads.TaskThread$WrappingRunnable.run(TaskThread.java:63)
		at java.base/java.lang.Thread.run(Thread.java:1583)
27-Sep-2024 12:50:52.357 SEVERE [http-nio-8080-exec-27] org.apache.catalina.core.StandardContext.listenerStart Skipped installing application listeners due to previous error(s)
27-Sep-2024 12:53:19.904 INFO [Catalina-utility-2] org.apache.catalina.core.ApplicationContext.log ContextListener: contextInitialized()
27-Sep-2024 12:53:19.904 INFO [Catalina-utility-2] org.apache.catalina.core.ApplicationContext.log SessionListener: contextInitialized()
27-Sep-2024 12:53:19.904 INFO [Catalina-utility-2] org.apache.catalina.core.ApplicationContext.log ContextListener: attributeAdded('StockTicker', 'async.Stockticker@6c351fcd')
27-Sep-2024 12:53:30.410 INFO [Catalina-utility-2] org.apache.catalina.core.ApplicationContext.log SessionListener: contextDestroyed()
27-Sep-2024 12:53:30.410 INFO [Catalina-utility-2] org.apache.catalina.core.ApplicationContext.log ContextListener: contextDestroyed()
27-Sep-2024 12:53:30.461 INFO [Catalina-utility-2] org.apache.catalina.core.ApplicationContext.log ContextListener: contextInitialized()
27-Sep-2024 12:53:30.461 INFO [Catalina-utility-2] org.apache.catalina.core.ApplicationContext.log SessionListener: contextInitialized()
27-Sep-2024 12:53:30.461 INFO [Catalina-utility-2] org.apache.catalina.core.ApplicationContext.log ContextListener: attributeAdded('StockTicker', 'async.Stockticker@79308de3')
27-Sep-2024 12:54:14.414 SEVERE [http-nio-8080-exec-27] org.apache.catalina.core.StandardContext.listenerStart Error configuring application listener of class [listeners.ContextListener]
	java.lang.ClassNotFoundException: listeners.ContextListener
		at org.apache.catalina.loader.WebappClassLoaderBase.loadClass(WebappClassLoaderBase.java:1332)
		at org.apache.catalina.loader.WebappClassLoaderBase.loadClass(WebappClassLoaderBase.java:1144)
		at org.apache.catalina.core.DefaultInstanceManager.loadClass(DefaultInstanceManager.java:491)
		at org.apache.catalina.core.DefaultInstanceManager.loadClassMaybePrivileged(DefaultInstanceManager.java:473)
		at org.apache.catalina.core.DefaultInstanceManager.newInstance(DefaultInstanceManager.java:143)
		at org.apache.catalina.core.StandardContext.listenerStart(StandardContext.java:3922)
		at org.apache.catalina.core.StandardContext.startInternal(StandardContext.java:4422)
		at org.apache.catalina.util.LifecycleBase.start(LifecycleBase.java:164)
		at org.apache.catalina.manager.ManagerServlet.start(ManagerServlet.java:1283)
		at org.apache.catalina.manager.HTMLManagerServlet.start(HTMLManagerServlet.java:642)
		at org.apache.catalina.manager.HTMLManagerServlet.doPost(HTMLManagerServlet.java:188)
		at jakarta.servlet.http.HttpServlet.service(HttpServlet.java:590)
		at jakarta.servlet.http.HttpServlet.service(HttpServlet.java:658)
		at org.apache.catalina.core.ApplicationFilterChain.internalDoFilter(ApplicationFilterChain.java:195)
		at org.apache.catalina.core.ApplicationFilterChain.doFilter(ApplicationFilterChain.java:140)
		at org.apache.catalina.filters.CsrfPreventionFilter.doFilter(CsrfPreventionFilter.java:430)
		at org.apache.catalina.core.ApplicationFilterChain.internalDoFilter(ApplicationFilterChain.java:164)
		at org.apache.catalina.core.ApplicationFilterChain.doFilter(ApplicationFilterChain.java:140)
		at org.apache.tomcat.websocket.server.WsFilter.doFilter(WsFilter.java:51)
		at org.apache.catalina.core.ApplicationFilterChain.internalDoFilter(ApplicationFilterChain.java:164)
		at org.apache.catalina.core.ApplicationFilterChain.doFilter(ApplicationFilterChain.java:140)
		at org.apache.catalina.filters.HttpHeaderSecurityFilter.doFilter(HttpHeaderSecurityFilter.java:129)
		at org.apache.catalina.core.ApplicationFilterChain.internalDoFilter(ApplicationFilterChain.java:164)
		at org.apache.catalina.core.ApplicationFilterChain.doFilter(ApplicationFilterChain.java:140)
		at org.apache.catalina.core.StandardWrapperValve.invoke(StandardWrapperValve.java:167)
		at org.apache.catalina.core.StandardContextValve.invoke(StandardContextValve.java:90)
		at org.apache.catalina.authenticator.AuthenticatorBase.invoke(AuthenticatorBase.java:598)
		at org.apache.catalina.valves.RequestFilterValve.process(RequestFilterValve.java:355)
		at org.apache.catalina.valves.RemoteAddrValve.invoke(RemoteAddrValve.java:54)
		at org.apache.catalina.core.StandardHostValve.invoke(StandardHostValve.java:115)
		at org.apache.catalina.valves.ErrorReportValve.invoke(ErrorReportValve.java:93)
		at org.apache.catalina.valves.AbstractAccessLogValve.invoke(AbstractAccessLogValve.java:663)
		at org.apache.catalina.core.StandardEngineValve.invoke(StandardEngineValve.java:74)
		at org.apache.catalina.connector.CoyoteAdapter.service(CoyoteAdapter.java:344)
		at org.apache.coyote.http11.Http11Processor.service(Http11Processor.java:384)
		at org.apache.coyote.AbstractProcessorLight.process(AbstractProcessorLight.java:63)
		at org.apache.coyote.AbstractProtocol$ConnectionHandler.process(AbstractProtocol.java:905)
		at org.apache.tomcat.util.net.NioEndpoint$SocketProcessor.doRun(NioEndpoint.java:1741)
		at org.apache.tomcat.util.net.SocketProcessorBase.run(SocketProcessorBase.java:52)
		at org.apache.tomcat.util.threads.ThreadPoolExecutor.runWorker(ThreadPoolExecutor.java:1190)
		at org.apache.tomcat.util.threads.ThreadPoolExecutor$Worker.run(ThreadPoolExecutor.java:659)
		at org.apache.tomcat.util.threads.TaskThread$WrappingRunnable.run(TaskThread.java:63)
		at java.base/java.lang.Thread.run(Thread.java:1583)
27-Sep-2024 12:54:14.414 SEVERE [http-nio-8080-exec-27] org.apache.catalina.core.StandardContext.listenerStart Error configuring application listener of class [listeners.SessionListener]
	java.lang.ClassNotFoundException: listeners.SessionListener
		at org.apache.catalina.loader.WebappClassLoaderBase.loadClass(WebappClassLoaderBase.java:1332)
		at org.apache.catalina.loader.WebappClassLoaderBase.loadClass(WebappClassLoaderBase.java:1144)
		at org.apache.catalina.core.DefaultInstanceManager.loadClass(DefaultInstanceManager.java:491)
		at org.apache.catalina.core.DefaultInstanceManager.loadClassMaybePrivileged(DefaultInstanceManager.java:473)
		at org.apache.catalina.core.DefaultInstanceManager.newInstance(DefaultInstanceManager.java:143)
		at org.apache.catalina.core.StandardContext.listenerStart(StandardContext.java:3922)
		at org.apache.catalina.core.StandardContext.startInternal(StandardContext.java:4422)
		at org.apache.catalina.util.LifecycleBase.start(LifecycleBase.java:164)
		at org.apache.catalina.manager.ManagerServlet.start(ManagerServlet.java:1283)
		at org.apache.catalina.manager.HTMLManagerServlet.start(HTMLManagerServlet.java:642)
		at org.apache.catalina.manager.HTMLManagerServlet.doPost(HTMLManagerServlet.java:188)
		at jakarta.servlet.http.HttpServlet.service(HttpServlet.java:590)
		at jakarta.servlet.http.HttpServlet.service(HttpServlet.java:658)
		at org.apache.catalina.core.ApplicationFilterChain.internalDoFilter(ApplicationFilterChain.java:195)
		at org.apache.catalina.core.ApplicationFilterChain.doFilter(ApplicationFilterChain.java:140)
		at org.apache.catalina.filters.CsrfPreventionFilter.doFilter(CsrfPreventionFilter.java:430)
		at org.apache.catalina.core.ApplicationFilterChain.internalDoFilter(ApplicationFilterChain.java:164)
		at org.apache.catalina.core.ApplicationFilterChain.doFilter(ApplicationFilterChain.java:140)
		at org.apache.tomcat.websocket.server.WsFilter.doFilter(WsFilter.java:51)
		at org.apache.catalina.core.ApplicationFilterChain.internalDoFilter(ApplicationFilterChain.java:164)
		at org.apache.catalina.core.ApplicationFilterChain.doFilter(ApplicationFilterChain.java:140)
		at org.apache.catalina.filters.HttpHeaderSecurityFilter.doFilter(HttpHeaderSecurityFilter.java:129)
		at org.apache.catalina.core.ApplicationFilterChain.internalDoFilter(ApplicationFilterChain.java:164)
		at org.apache.catalina.core.ApplicationFilterChain.doFilter(ApplicationFilterChain.java:140)
		at org.apache.catalina.core.StandardWrapperValve.invoke(StandardWrapperValve.java:167)
		at org.apache.catalina.core.StandardContextValve.invoke(StandardContextValve.java:90)
		at org.apache.catalina.authenticator.AuthenticatorBase.invoke(AuthenticatorBase.java:598)
		at org.apache.catalina.valves.RequestFilterValve.process(RequestFilterValve.java:355)
		at org.apache.catalina.valves.RemoteAddrValve.invoke(RemoteAddrValve.java:54)
		at org.apache.catalina.core.StandardHostValve.invoke(StandardHostValve.java:115)
		at org.apache.catalina.valves.ErrorReportValve.invoke(ErrorReportValve.java:93)
		at org.apache.catalina.valves.AbstractAccessLogValve.invoke(AbstractAccessLogValve.java:663)
		at org.apache.catalina.core.StandardEngineValve.invoke(StandardEngineValve.java:74)
		at org.apache.catalina.connector.CoyoteAdapter.service(CoyoteAdapter.java:344)
		at org.apache.coyote.http11.Http11Processor.service(Http11Processor.java:384)
		at org.apache.coyote.AbstractProcessorLight.process(AbstractProcessorLight.java:63)
		at org.apache.coyote.AbstractProtocol$ConnectionHandler.process(AbstractProtocol.java:905)
		at org.apache.tomcat.util.net.NioEndpoint$SocketProcessor.doRun(NioEndpoint.java:1741)
		at org.apache.tomcat.util.net.SocketProcessorBase.run(SocketProcessorBase.java:52)
		at org.apache.tomcat.util.threads.ThreadPoolExecutor.runWorker(ThreadPoolExecutor.java:1190)
		at org.apache.tomcat.util.threads.ThreadPoolExecutor$Worker.run(ThreadPoolExecutor.java:659)
		at org.apache.tomcat.util.threads.TaskThread$WrappingRunnable.run(TaskThread.java:63)
		at java.base/java.lang.Thread.run(Thread.java:1583)
27-Sep-2024 12:54:14.414 SEVERE [http-nio-8080-exec-27] org.apache.catalina.core.StandardContext.listenerStart Error configuring application listener of class [async.AsyncStockContextListener]
	java.lang.ClassNotFoundException: async.AsyncStockContextListener
		at org.apache.catalina.loader.WebappClassLoaderBase.loadClass(WebappClassLoaderBase.java:1332)
		at org.apache.catalina.loader.WebappClassLoaderBase.loadClass(WebappClassLoaderBase.java:1144)
		at org.apache.catalina.core.DefaultInstanceManager.loadClass(DefaultInstanceManager.java:491)
		at org.apache.catalina.core.DefaultInstanceManager.loadClassMaybePrivileged(DefaultInstanceManager.java:473)
		at org.apache.catalina.core.DefaultInstanceManager.newInstance(DefaultInstanceManager.java:143)
		at org.apache.catalina.core.StandardContext.listenerStart(StandardContext.java:3922)
		at org.apache.catalina.core.StandardContext.startInternal(StandardContext.java:4422)
		at org.apache.catalina.util.LifecycleBase.start(LifecycleBase.java:164)
		at org.apache.catalina.manager.ManagerServlet.start(ManagerServlet.java:1283)
		at org.apache.catalina.manager.HTMLManagerServlet.start(HTMLManagerServlet.java:642)
		at org.apache.catalina.manager.HTMLManagerServlet.doPost(HTMLManagerServlet.java:188)
		at jakarta.servlet.http.HttpServlet.service(HttpServlet.java:590)
		at jakarta.servlet.http.HttpServlet.service(HttpServlet.java:658)
		at org.apache.catalina.core.ApplicationFilterChain.internalDoFilter(ApplicationFilterChain.java:195)
		at org.apache.catalina.core.ApplicationFilterChain.doFilter(ApplicationFilterChain.java:140)
		at org.apache.catalina.filters.CsrfPreventionFilter.doFilter(CsrfPreventionFilter.java:430)
		at org.apache.catalina.core.ApplicationFilterChain.internalDoFilter(ApplicationFilterChain.java:164)
		at org.apache.catalina.core.ApplicationFilterChain.doFilter(ApplicationFilterChain.java:140)
		at org.apache.tomcat.websocket.server.WsFilter.doFilter(WsFilter.java:51)
		at org.apache.catalina.core.ApplicationFilterChain.internalDoFilter(ApplicationFilterChain.java:164)
		at org.apache.catalina.core.ApplicationFilterChain.doFilter(ApplicationFilterChain.java:140)
		at org.apache.catalina.filters.HttpHeaderSecurityFilter.doFilter(HttpHeaderSecurityFilter.java:129)
		at org.apache.catalina.core.ApplicationFilterChain.internalDoFilter(ApplicationFilterChain.java:164)
		at org.apache.catalina.core.ApplicationFilterChain.doFilter(ApplicationFilterChain.java:140)
		at org.apache.catalina.core.StandardWrapperValve.invoke(StandardWrapperValve.java:167)
		at org.apache.catalina.core.StandardContextValve.invoke(StandardContextValve.java:90)
		at org.apache.catalina.authenticator.AuthenticatorBase.invoke(AuthenticatorBase.java:598)
		at org.apache.catalina.valves.RequestFilterValve.process(RequestFilterValve.java:355)
		at org.apache.catalina.valves.RemoteAddrValve.invoke(RemoteAddrValve.java:54)
		at org.apache.catalina.core.StandardHostValve.invoke(StandardHostValve.java:115)
		at org.apache.catalina.valves.ErrorReportValve.invoke(ErrorReportValve.java:93)
		at org.apache.catalina.valves.AbstractAccessLogValve.invoke(AbstractAccessLogValve.java:663)
		at org.apache.catalina.core.StandardEngineValve.invoke(StandardEngineValve.java:74)
		at org.apache.catalina.connector.CoyoteAdapter.service(CoyoteAdapter.java:344)
		at org.apache.coyote.http11.Http11Processor.service(Http11Processor.java:384)
		at org.apache.coyote.AbstractProcessorLight.process(AbstractProcessorLight.java:63)
		at org.apache.coyote.AbstractProtocol$ConnectionHandler.process(AbstractProtocol.java:905)
		at org.apache.tomcat.util.net.NioEndpoint$SocketProcessor.doRun(NioEndpoint.java:1741)
		at org.apache.tomcat.util.net.SocketProcessorBase.run(SocketProcessorBase.java:52)
		at org.apache.tomcat.util.threads.ThreadPoolExecutor.runWorker(ThreadPoolExecutor.java:1190)
		at org.apache.tomcat.util.threads.ThreadPoolExecutor$Worker.run(ThreadPoolExecutor.java:659)
		at org.apache.tomcat.util.threads.TaskThread$WrappingRunnable.run(TaskThread.java:63)
		at java.base/java.lang.Thread.run(Thread.java:1583)
27-Sep-2024 12:54:14.415 SEVERE [http-nio-8080-exec-27] org.apache.catalina.core.StandardContext.listenerStart Error configuring application listener of class [websocket.drawboard.DrawboardContextListener]
	java.lang.ClassNotFoundException: websocket.drawboard.DrawboardContextListener
		at org.apache.catalina.loader.WebappClassLoaderBase.loadClass(WebappClassLoaderBase.java:1332)
		at org.apache.catalina.loader.WebappClassLoaderBase.loadClass(WebappClassLoaderBase.java:1144)
		at org.apache.catalina.core.DefaultInstanceManager.loadClass(DefaultInstanceManager.java:491)
		at org.apache.catalina.core.DefaultInstanceManager.loadClassMaybePrivileged(DefaultInstanceManager.java:473)
		at org.apache.catalina.core.DefaultInstanceManager.newInstance(DefaultInstanceManager.java:143)
		at org.apache.catalina.core.StandardContext.listenerStart(StandardContext.java:3922)
		at org.apache.catalina.core.StandardContext.startInternal(StandardContext.java:4422)
		at org.apache.catalina.util.LifecycleBase.start(LifecycleBase.java:164)
		at org.apache.catalina.manager.ManagerServlet.start(ManagerServlet.java:1283)
		at org.apache.catalina.manager.HTMLManagerServlet.start(HTMLManagerServlet.java:642)
		at org.apache.catalina.manager.HTMLManagerServlet.doPost(HTMLManagerServlet.java:188)
		at jakarta.servlet.http.HttpServlet.service(HttpServlet.java:590)
		at jakarta.servlet.http.HttpServlet.service(HttpServlet.java:658)
		at org.apache.catalina.core.ApplicationFilterChain.internalDoFilter(ApplicationFilterChain.java:195)
		at org.apache.catalina.core.ApplicationFilterChain.doFilter(ApplicationFilterChain.java:140)
		at org.apache.catalina.filters.CsrfPreventionFilter.doFilter(CsrfPreventionFilter.java:430)
		at org.apache.catalina.core.ApplicationFilterChain.internalDoFilter(ApplicationFilterChain.java:164)
		at org.apache.catalina.core.ApplicationFilterChain.doFilter(ApplicationFilterChain.java:140)
		at org.apache.tomcat.websocket.server.WsFilter.doFilter(WsFilter.java:51)
		at org.apache.catalina.core.ApplicationFilterChain.internalDoFilter(ApplicationFilterChain.java:164)
		at org.apache.catalina.core.ApplicationFilterChain.doFilter(ApplicationFilterChain.java:140)
		at org.apache.catalina.filters.HttpHeaderSecurityFilter.doFilter(HttpHeaderSecurityFilter.java:129)
		at org.apache.catalina.core.ApplicationFilterChain.internalDoFilter(ApplicationFilterChain.java:164)
		at org.apache.catalina.core.ApplicationFilterChain.doFilter(ApplicationFilterChain.java:140)
		at org.apache.catalina.core.StandardWrapperValve.invoke(StandardWrapperValve.java:167)
		at org.apache.catalina.core.StandardContextValve.invoke(StandardContextValve.java:90)
		at org.apache.catalina.authenticator.AuthenticatorBase.invoke(AuthenticatorBase.java:598)
		at org.apache.catalina.valves.RequestFilterValve.process(RequestFilterValve.java:355)
		at org.apache.catalina.valves.RemoteAddrValve.invoke(RemoteAddrValve.java:54)
		at org.apache.catalina.core.StandardHostValve.invoke(StandardHostValve.java:115)
		at org.apache.catalina.valves.ErrorReportValve.invoke(ErrorReportValve.java:93)
		at org.apache.catalina.valves.AbstractAccessLogValve.invoke(AbstractAccessLogValve.java:663)
		at org.apache.catalina.core.StandardEngineValve.invoke(StandardEngineValve.java:74)
		at org.apache.catalina.connector.CoyoteAdapter.service(CoyoteAdapter.java:344)
		at org.apache.coyote.http11.Http11Processor.service(Http11Processor.java:384)
		at org.apache.coyote.AbstractProcessorLight.process(AbstractProcessorLight.java:63)
		at org.apache.coyote.AbstractProtocol$ConnectionHandler.process(AbstractProtocol.java:905)
		at org.apache.tomcat.util.net.NioEndpoint$SocketProcessor.doRun(NioEndpoint.java:1741)
		at org.apache.tomcat.util.net.SocketProcessorBase.run(SocketProcessorBase.java:52)
		at org.apache.tomcat.util.threads.ThreadPoolExecutor.runWorker(ThreadPoolExecutor.java:1190)
		at org.apache.tomcat.util.threads.ThreadPoolExecutor$Worker.run(ThreadPoolExecutor.java:659)
		at org.apache.tomcat.util.threads.TaskThread$WrappingRunnable.run(TaskThread.java:63)
		at java.base/java.lang.Thread.run(Thread.java:1583)
27-Sep-2024 12:54:14.415 SEVERE [http-nio-8080-exec-27] org.apache.catalina.core.StandardContext.listenerStart Skipped installing application listeners due to previous error(s)
27-Sep-2024 12:54:50.977 INFO [Catalina-utility-1] org.apache.catalina.core.ApplicationContext.log SessionListener: contextDestroyed()
27-Sep-2024 12:54:50.977 INFO [Catalina-utility-1] org.apache.catalina.core.ApplicationContext.log ContextListener: contextDestroyed()
27-Sep-2024 12:56:06.867 INFO [main] org.apache.catalina.core.ApplicationContext.log SessionListener: sessionDestroyed('C18C5A9AE8250B268B66A9AE2BDACD8F')
27-Sep-2024 12:56:06.867 INFO [main] org.apache.catalina.core.ApplicationContext.log SessionListener: contextDestroyed()
27-Sep-2024 12:56:06.867 INFO [main] org.apache.catalina.core.ApplicationContext.log ContextListener: contextDestroyed()
27-Sep-2024 13:54:18.788 INFO [main] org.apache.catalina.core.ApplicationContext.log ContextListener: contextInitialized()
27-Sep-2024 13:54:18.788 INFO [main] org.apache.catalina.core.ApplicationContext.log SessionListener: contextInitialized()
27-Sep-2024 13:54:18.794 INFO [main] org.apache.catalina.core.ApplicationContext.log ContextListener: attributeAdded('StockTicker', 'async.Stockticker@165b2f7f')
27-Sep-2024 13:54:18.822 SEVERE [main] org.apache.catalina.core.StandardContext.listenerStart Error configuring application listener of class [listeners.ContextListener]
	java.lang.ClassNotFoundException: listeners.ContextListener
		at org.apache.catalina.loader.WebappClassLoaderBase.loadClass(WebappClassLoaderBase.java:1332)
		at org.apache.catalina.loader.WebappClassLoaderBase.loadClass(WebappClassLoaderBase.java:1144)
		at org.apache.catalina.core.DefaultInstanceManager.loadClass(DefaultInstanceManager.java:491)
		at org.apache.catalina.core.DefaultInstanceManager.loadClassMaybePrivileged(DefaultInstanceManager.java:473)
		at org.apache.catalina.core.DefaultInstanceManager.newInstance(DefaultInstanceManager.java:143)
		at org.apache.catalina.core.StandardContext.listenerStart(StandardContext.java:3922)
		at org.apache.catalina.core.StandardContext.startInternal(StandardContext.java:4422)
		at org.apache.catalina.util.LifecycleBase.start(LifecycleBase.java:164)
		at org.apache.catalina.core.ContainerBase.addChildInternal(ContainerBase.java:599)
		at org.apache.catalina.core.ContainerBase.addChild(ContainerBase.java:571)
		at org.apache.catalina.core.StandardHost.addChild(StandardHost.java:654)
		at org.apache.catalina.startup.HostConfig.deployDirectory(HostConfig.java:1130)
		at org.apache.catalina.startup.HostConfig$DeployDirectory.run(HostConfig.java:1933)
		at java.base/java.util.concurrent.Executors$RunnableAdapter.call(Executors.java:572)
		at java.base/java.util.concurrent.FutureTask.run(FutureTask.java:317)
		at org.apache.tomcat.util.threads.InlineExecutorService.execute(InlineExecutorService.java:75)
		at java.base/java.util.concurrent.AbstractExecutorService.submit(AbstractExecutorService.java:123)
		at org.apache.catalina.startup.HostConfig.deployDirectories(HostConfig.java:1041)
		at org.apache.catalina.startup.HostConfig.deployApps(HostConfig.java:425)
		at org.apache.catalina.startup.HostConfig.start(HostConfig.java:1629)
		at org.apache.catalina.startup.HostConfig.lifecycleEvent(HostConfig.java:303)
		at org.apache.catalina.util.LifecycleBase.fireLifecycleEvent(LifecycleBase.java:109)
		at org.apache.catalina.util.LifecycleBase.setStateInternal(LifecycleBase.java:385)
		at org.apache.catalina.util.LifecycleBase.setState(LifecycleBase.java:332)
		at org.apache.catalina.core.ContainerBase.startInternal(ContainerBase.java:776)
		at org.apache.catalina.core.StandardHost.startInternal(StandardHost.java:772)
		at org.apache.catalina.util.LifecycleBase.start(LifecycleBase.java:164)
		at org.apache.catalina.core.ContainerBase$StartChild.call(ContainerBase.java:1203)
		at org.apache.catalina.core.ContainerBase$StartChild.call(ContainerBase.java:1193)
		at java.base/java.util.concurrent.FutureTask.run(FutureTask.java:317)
		at org.apache.tomcat.util.threads.InlineExecutorService.execute(InlineExecutorService.java:75)
		at java.base/java.util.concurrent.AbstractExecutorService.submit(AbstractExecutorService.java:145)
		at org.apache.catalina.core.ContainerBase.startInternal(ContainerBase.java:749)
		at org.apache.catalina.core.StandardEngine.startInternal(StandardEngine.java:203)
		at org.apache.catalina.util.LifecycleBase.start(LifecycleBase.java:164)
		at org.apache.catalina.core.StandardService.startInternal(StandardService.java:415)
		at org.apache.catalina.util.LifecycleBase.start(LifecycleBase.java:164)
		at org.apache.catalina.core.StandardServer.startInternal(StandardServer.java:870)
		at org.apache.catalina.util.LifecycleBase.start(LifecycleBase.java:164)
		at org.apache.catalina.startup.Catalina.start(Catalina.java:757)
		at java.base/jdk.internal.reflect.DirectMethodHandleAccessor.invoke(DirectMethodHandleAccessor.java:103)
		at java.base/java.lang.reflect.Method.invoke(Method.java:580)
		at org.apache.catalina.startup.Bootstrap.start(Bootstrap.java:345)
		at org.apache.catalina.startup.Bootstrap.main(Bootstrap.java:473)
27-Sep-2024 13:54:18.822 SEVERE [main] org.apache.catalina.core.StandardContext.listenerStart Error configuring application listener of class [listeners.SessionListener]
	java.lang.ClassNotFoundException: listeners.SessionListener
		at org.apache.catalina.loader.WebappClassLoaderBase.loadClass(WebappClassLoaderBase.java:1332)
		at org.apache.catalina.loader.WebappClassLoaderBase.loadClass(WebappClassLoaderBase.java:1144)
		at org.apache.catalina.core.DefaultInstanceManager.loadClass(DefaultInstanceManager.java:491)
		at org.apache.catalina.core.DefaultInstanceManager.loadClassMaybePrivileged(DefaultInstanceManager.java:473)
		at org.apache.catalina.core.DefaultInstanceManager.newInstance(DefaultInstanceManager.java:143)
		at org.apache.catalina.core.StandardContext.listenerStart(StandardContext.java:3922)
		at org.apache.catalina.core.StandardContext.startInternal(StandardContext.java:4422)
		at org.apache.catalina.util.LifecycleBase.start(LifecycleBase.java:164)
		at org.apache.catalina.core.ContainerBase.addChildInternal(ContainerBase.java:599)
		at org.apache.catalina.core.ContainerBase.addChild(ContainerBase.java:571)
		at org.apache.catalina.core.StandardHost.addChild(StandardHost.java:654)
		at org.apache.catalina.startup.HostConfig.deployDirectory(HostConfig.java:1130)
		at org.apache.catalina.startup.HostConfig$DeployDirectory.run(HostConfig.java:1933)
		at java.base/java.util.concurrent.Executors$RunnableAdapter.call(Executors.java:572)
		at java.base/java.util.concurrent.FutureTask.run(FutureTask.java:317)
		at org.apache.tomcat.util.threads.InlineExecutorService.execute(InlineExecutorService.java:75)
		at java.base/java.util.concurrent.AbstractExecutorService.submit(AbstractExecutorService.java:123)
		at org.apache.catalina.startup.HostConfig.deployDirectories(HostConfig.java:1041)
		at org.apache.catalina.startup.HostConfig.deployApps(HostConfig.java:425)
		at org.apache.catalina.startup.HostConfig.start(HostConfig.java:1629)
		at org.apache.catalina.startup.HostConfig.lifecycleEvent(HostConfig.java:303)
		at org.apache.catalina.util.LifecycleBase.fireLifecycleEvent(LifecycleBase.java:109)
		at org.apache.catalina.util.LifecycleBase.setStateInternal(LifecycleBase.java:385)
		at org.apache.catalina.util.LifecycleBase.setState(LifecycleBase.java:332)
		at org.apache.catalina.core.ContainerBase.startInternal(ContainerBase.java:776)
		at org.apache.catalina.core.StandardHost.startInternal(StandardHost.java:772)
		at org.apache.catalina.util.LifecycleBase.start(LifecycleBase.java:164)
		at org.apache.catalina.core.ContainerBase$StartChild.call(ContainerBase.java:1203)
		at org.apache.catalina.core.ContainerBase$StartChild.call(ContainerBase.java:1193)
		at java.base/java.util.concurrent.FutureTask.run(FutureTask.java:317)
		at org.apache.tomcat.util.threads.InlineExecutorService.execute(InlineExecutorService.java:75)
		at java.base/java.util.concurrent.AbstractExecutorService.submit(AbstractExecutorService.java:145)
		at org.apache.catalina.core.ContainerBase.startInternal(ContainerBase.java:749)
		at org.apache.catalina.core.StandardEngine.startInternal(StandardEngine.java:203)
		at org.apache.catalina.util.LifecycleBase.start(LifecycleBase.java:164)
		at org.apache.catalina.core.StandardService.startInternal(StandardService.java:415)
		at org.apache.catalina.util.LifecycleBase.start(LifecycleBase.java:164)
		at org.apache.catalina.core.StandardServer.startInternal(StandardServer.java:870)
		at org.apache.catalina.util.LifecycleBase.start(LifecycleBase.java:164)
		at org.apache.catalina.startup.Catalina.start(Catalina.java:757)
		at java.base/jdk.internal.reflect.DirectMethodHandleAccessor.invoke(DirectMethodHandleAccessor.java:103)
		at java.base/java.lang.reflect.Method.invoke(Method.java:580)
		at org.apache.catalina.startup.Bootstrap.start(Bootstrap.java:345)
		at org.apache.catalina.startup.Bootstrap.main(Bootstrap.java:473)
27-Sep-2024 13:54:18.822 SEVERE [main] org.apache.catalina.core.StandardContext.listenerStart Error configuring application listener of class [async.AsyncStockContextListener]
	java.lang.ClassNotFoundException: async.AsyncStockContextListener
		at org.apache.catalina.loader.WebappClassLoaderBase.loadClass(WebappClassLoaderBase.java:1332)
		at org.apache.catalina.loader.WebappClassLoaderBase.loadClass(WebappClassLoaderBase.java:1144)
		at org.apache.catalina.core.DefaultInstanceManager.loadClass(DefaultInstanceManager.java:491)
		at org.apache.catalina.core.DefaultInstanceManager.loadClassMaybePrivileged(DefaultInstanceManager.java:473)
		at org.apache.catalina.core.DefaultInstanceManager.newInstance(DefaultInstanceManager.java:143)
		at org.apache.catalina.core.StandardContext.listenerStart(StandardContext.java:3922)
		at org.apache.catalina.core.StandardContext.startInternal(StandardContext.java:4422)
		at org.apache.catalina.util.LifecycleBase.start(LifecycleBase.java:164)
		at org.apache.catalina.core.ContainerBase.addChildInternal(ContainerBase.java:599)
		at org.apache.catalina.core.ContainerBase.addChild(ContainerBase.java:571)
		at org.apache.catalina.core.StandardHost.addChild(StandardHost.java:654)
		at org.apache.catalina.startup.HostConfig.deployDirectory(HostConfig.java:1130)
		at org.apache.catalina.startup.HostConfig$DeployDirectory.run(HostConfig.java:1933)
		at java.base/java.util.concurrent.Executors$RunnableAdapter.call(Executors.java:572)
		at java.base/java.util.concurrent.FutureTask.run(FutureTask.java:317)
		at org.apache.tomcat.util.threads.InlineExecutorService.execute(InlineExecutorService.java:75)
		at java.base/java.util.concurrent.AbstractExecutorService.submit(AbstractExecutorService.java:123)
		at org.apache.catalina.startup.HostConfig.deployDirectories(HostConfig.java:1041)
		at org.apache.catalina.startup.HostConfig.deployApps(HostConfig.java:425)
		at org.apache.catalina.startup.HostConfig.start(HostConfig.java:1629)
		at org.apache.catalina.startup.HostConfig.lifecycleEvent(HostConfig.java:303)
		at org.apache.catalina.util.LifecycleBase.fireLifecycleEvent(LifecycleBase.java:109)
		at org.apache.catalina.util.LifecycleBase.setStateInternal(LifecycleBase.java:385)
		at org.apache.catalina.util.LifecycleBase.setState(LifecycleBase.java:332)
		at org.apache.catalina.core.ContainerBase.startInternal(ContainerBase.java:776)
		at org.apache.catalina.core.StandardHost.startInternal(StandardHost.java:772)
		at org.apache.catalina.util.LifecycleBase.start(LifecycleBase.java:164)
		at org.apache.catalina.core.ContainerBase$StartChild.call(ContainerBase.java:1203)
		at org.apache.catalina.core.ContainerBase$StartChild.call(ContainerBase.java:1193)
		at java.base/java.util.concurrent.FutureTask.run(FutureTask.java:317)
		at org.apache.tomcat.util.threads.InlineExecutorService.execute(InlineExecutorService.java:75)
		at java.base/java.util.concurrent.AbstractExecutorService.submit(AbstractExecutorService.java:145)
		at org.apache.catalina.core.ContainerBase.startInternal(ContainerBase.java:749)
		at org.apache.catalina.core.StandardEngine.startInternal(StandardEngine.java:203)
		at org.apache.catalina.util.LifecycleBase.start(LifecycleBase.java:164)
		at org.apache.catalina.core.StandardService.startInternal(StandardService.java:415)
		at org.apache.catalina.util.LifecycleBase.start(LifecycleBase.java:164)
		at org.apache.catalina.core.StandardServer.startInternal(StandardServer.java:870)
		at org.apache.catalina.util.LifecycleBase.start(LifecycleBase.java:164)
		at org.apache.catalina.startup.Catalina.start(Catalina.java:757)
		at java.base/jdk.internal.reflect.DirectMethodHandleAccessor.invoke(DirectMethodHandleAccessor.java:103)
		at java.base/java.lang.reflect.Method.invoke(Method.java:580)
		at org.apache.catalina.startup.Bootstrap.start(Bootstrap.java:345)
		at org.apache.catalina.startup.Bootstrap.main(Bootstrap.java:473)
27-Sep-2024 13:54:18.822 SEVERE [main] org.apache.catalina.core.StandardContext.listenerStart Error configuring application listener of class [websocket.drawboard.DrawboardContextListener]
	java.lang.ClassNotFoundException: websocket.drawboard.DrawboardContextListener
		at org.apache.catalina.loader.WebappClassLoaderBase.loadClass(WebappClassLoaderBase.java:1332)
		at org.apache.catalina.loader.WebappClassLoaderBase.loadClass(WebappClassLoaderBase.java:1144)
		at org.apache.catalina.core.DefaultInstanceManager.loadClass(DefaultInstanceManager.java:491)
		at org.apache.catalina.core.DefaultInstanceManager.loadClassMaybePrivileged(DefaultInstanceManager.java:473)
		at org.apache.catalina.core.DefaultInstanceManager.newInstance(DefaultInstanceManager.java:143)
		at org.apache.catalina.core.StandardContext.listenerStart(StandardContext.java:3922)
		at org.apache.catalina.core.StandardContext.startInternal(StandardContext.java:4422)
		at org.apache.catalina.util.LifecycleBase.start(LifecycleBase.java:164)
		at org.apache.catalina.core.ContainerBase.addChildInternal(ContainerBase.java:599)
		at org.apache.catalina.core.ContainerBase.addChild(ContainerBase.java:571)
		at org.apache.catalina.core.StandardHost.addChild(StandardHost.java:654)
		at org.apache.catalina.startup.HostConfig.deployDirectory(HostConfig.java:1130)
		at org.apache.catalina.startup.HostConfig$DeployDirectory.run(HostConfig.java:1933)
		at java.base/java.util.concurrent.Executors$RunnableAdapter.call(Executors.java:572)
		at java.base/java.util.concurrent.FutureTask.run(FutureTask.java:317)
		at org.apache.tomcat.util.threads.InlineExecutorService.execute(InlineExecutorService.java:75)
		at java.base/java.util.concurrent.AbstractExecutorService.submit(AbstractExecutorService.java:123)
		at org.apache.catalina.startup.HostConfig.deployDirectories(HostConfig.java:1041)
		at org.apache.catalina.startup.HostConfig.deployApps(HostConfig.java:425)
		at org.apache.catalina.startup.HostConfig.start(HostConfig.java:1629)
		at org.apache.catalina.startup.HostConfig.lifecycleEvent(HostConfig.java:303)
		at org.apache.catalina.util.LifecycleBase.fireLifecycleEvent(LifecycleBase.java:109)
		at org.apache.catalina.util.LifecycleBase.setStateInternal(LifecycleBase.java:385)
		at org.apache.catalina.util.LifecycleBase.setState(LifecycleBase.java:332)
		at org.apache.catalina.core.ContainerBase.startInternal(ContainerBase.java:776)
		at org.apache.catalina.core.StandardHost.startInternal(StandardHost.java:772)
		at org.apache.catalina.util.LifecycleBase.start(LifecycleBase.java:164)
		at org.apache.catalina.core.ContainerBase$StartChild.call(ContainerBase.java:1203)
		at org.apache.catalina.core.ContainerBase$StartChild.call(ContainerBase.java:1193)
		at java.base/java.util.concurrent.FutureTask.run(FutureTask.java:317)
		at org.apache.tomcat.util.threads.InlineExecutorService.execute(InlineExecutorService.java:75)
		at java.base/java.util.concurrent.AbstractExecutorService.submit(AbstractExecutorService.java:145)
		at org.apache.catalina.core.ContainerBase.startInternal(ContainerBase.java:749)
		at org.apache.catalina.core.StandardEngine.startInternal(StandardEngine.java:203)
		at org.apache.catalina.util.LifecycleBase.start(LifecycleBase.java:164)
		at org.apache.catalina.core.StandardService.startInternal(StandardService.java:415)
		at org.apache.catalina.util.LifecycleBase.start(LifecycleBase.java:164)
		at org.apache.catalina.core.StandardServer.startInternal(StandardServer.java:870)
		at org.apache.catalina.util.LifecycleBase.start(LifecycleBase.java:164)
		at org.apache.catalina.startup.Catalina.start(Catalina.java:757)
		at java.base/jdk.internal.reflect.DirectMethodHandleAccessor.invoke(DirectMethodHandleAccessor.java:103)
		at java.base/java.lang.reflect.Method.invoke(Method.java:580)
		at org.apache.catalina.startup.Bootstrap.start(Bootstrap.java:345)
		at org.apache.catalina.startup.Bootstrap.main(Bootstrap.java:473)
27-Sep-2024 13:54:18.822 SEVERE [main] org.apache.catalina.core.StandardContext.listenerStart Skipped installing application listeners due to previous error(s)
27-Sep-2024 13:59:42.691 SEVERE [http-nio-8080-exec-6] org.apache.catalina.core.StandardContext.listenerStart Error configuring application listener of class [listeners.ContextListener]
	java.lang.ClassNotFoundException: listeners.ContextListener
		at org.apache.catalina.loader.WebappClassLoaderBase.loadClass(WebappClassLoaderBase.java:1332)
		at org.apache.catalina.loader.WebappClassLoaderBase.loadClass(WebappClassLoaderBase.java:1144)
		at org.apache.catalina.core.DefaultInstanceManager.loadClass(DefaultInstanceManager.java:491)
		at org.apache.catalina.core.DefaultInstanceManager.loadClassMaybePrivileged(DefaultInstanceManager.java:473)
		at org.apache.catalina.core.DefaultInstanceManager.newInstance(DefaultInstanceManager.java:143)
		at org.apache.catalina.core.StandardContext.listenerStart(StandardContext.java:3922)
		at org.apache.catalina.core.StandardContext.startInternal(StandardContext.java:4422)
		at org.apache.catalina.util.LifecycleBase.start(LifecycleBase.java:164)
		at org.apache.catalina.manager.ManagerServlet.start(ManagerServlet.java:1283)
		at org.apache.catalina.manager.HTMLManagerServlet.start(HTMLManagerServlet.java:642)
		at org.apache.catalina.manager.HTMLManagerServlet.doPost(HTMLManagerServlet.java:188)
		at jakarta.servlet.http.HttpServlet.service(HttpServlet.java:590)
		at jakarta.servlet.http.HttpServlet.service(HttpServlet.java:658)
		at org.apache.catalina.core.ApplicationFilterChain.internalDoFilter(ApplicationFilterChain.java:195)
		at org.apache.catalina.core.ApplicationFilterChain.doFilter(ApplicationFilterChain.java:140)
		at org.apache.catalina.filters.CsrfPreventionFilter.doFilter(CsrfPreventionFilter.java:430)
		at org.apache.catalina.core.ApplicationFilterChain.internalDoFilter(ApplicationFilterChain.java:164)
		at org.apache.catalina.core.ApplicationFilterChain.doFilter(ApplicationFilterChain.java:140)
		at org.apache.tomcat.websocket.server.WsFilter.doFilter(WsFilter.java:51)
		at org.apache.catalina.core.ApplicationFilterChain.internalDoFilter(ApplicationFilterChain.java:164)
		at org.apache.catalina.core.ApplicationFilterChain.doFilter(ApplicationFilterChain.java:140)
		at org.apache.catalina.filters.HttpHeaderSecurityFilter.doFilter(HttpHeaderSecurityFilter.java:129)
		at org.apache.catalina.core.ApplicationFilterChain.internalDoFilter(ApplicationFilterChain.java:164)
		at org.apache.catalina.core.ApplicationFilterChain.doFilter(ApplicationFilterChain.java:140)
		at org.apache.catalina.core.StandardWrapperValve.invoke(StandardWrapperValve.java:167)
		at org.apache.catalina.core.StandardContextValve.invoke(StandardContextValve.java:90)
		at org.apache.catalina.authenticator.AuthenticatorBase.invoke(AuthenticatorBase.java:598)
		at org.apache.catalina.valves.RequestFilterValve.process(RequestFilterValve.java:355)
		at org.apache.catalina.valves.RemoteAddrValve.invoke(RemoteAddrValve.java:54)
		at org.apache.catalina.core.StandardHostValve.invoke(StandardHostValve.java:115)
		at org.apache.catalina.valves.ErrorReportValve.invoke(ErrorReportValve.java:93)
		at org.apache.catalina.valves.AbstractAccessLogValve.invoke(AbstractAccessLogValve.java:663)
		at org.apache.catalina.core.StandardEngineValve.invoke(StandardEngineValve.java:74)
		at org.apache.catalina.connector.CoyoteAdapter.service(CoyoteAdapter.java:344)
		at org.apache.coyote.http11.Http11Processor.service(Http11Processor.java:384)
		at org.apache.coyote.AbstractProcessorLight.process(AbstractProcessorLight.java:63)
		at org.apache.coyote.AbstractProtocol$ConnectionHandler.process(AbstractProtocol.java:905)
		at org.apache.tomcat.util.net.NioEndpoint$SocketProcessor.doRun(NioEndpoint.java:1741)
		at org.apache.tomcat.util.net.SocketProcessorBase.run(SocketProcessorBase.java:52)
		at org.apache.tomcat.util.threads.ThreadPoolExecutor.runWorker(ThreadPoolExecutor.java:1190)
		at org.apache.tomcat.util.threads.ThreadPoolExecutor$Worker.run(ThreadPoolExecutor.java:659)
		at org.apache.tomcat.util.threads.TaskThread$WrappingRunnable.run(TaskThread.java:63)
		at java.base/java.lang.Thread.run(Thread.java:1583)
27-Sep-2024 13:59:42.692 SEVERE [http-nio-8080-exec-6] org.apache.catalina.core.StandardContext.listenerStart Error configuring application listener of class [listeners.SessionListener]
	java.lang.ClassNotFoundException: listeners.SessionListener
		at org.apache.catalina.loader.WebappClassLoaderBase.loadClass(WebappClassLoaderBase.java:1332)
		at org.apache.catalina.loader.WebappClassLoaderBase.loadClass(WebappClassLoaderBase.java:1144)
		at org.apache.catalina.core.DefaultInstanceManager.loadClass(DefaultInstanceManager.java:491)
		at org.apache.catalina.core.DefaultInstanceManager.loadClassMaybePrivileged(DefaultInstanceManager.java:473)
		at org.apache.catalina.core.DefaultInstanceManager.newInstance(DefaultInstanceManager.java:143)
		at org.apache.catalina.core.StandardContext.listenerStart(StandardContext.java:3922)
		at org.apache.catalina.core.StandardContext.startInternal(StandardContext.java:4422)
		at org.apache.catalina.util.LifecycleBase.start(LifecycleBase.java:164)
		at org.apache.catalina.manager.ManagerServlet.start(ManagerServlet.java:1283)
		at org.apache.catalina.manager.HTMLManagerServlet.start(HTMLManagerServlet.java:642)
		at org.apache.catalina.manager.HTMLManagerServlet.doPost(HTMLManagerServlet.java:188)
		at jakarta.servlet.http.HttpServlet.service(HttpServlet.java:590)
		at jakarta.servlet.http.HttpServlet.service(HttpServlet.java:658)
		at org.apache.catalina.core.ApplicationFilterChain.internalDoFilter(ApplicationFilterChain.java:195)
		at org.apache.catalina.core.ApplicationFilterChain.doFilter(ApplicationFilterChain.java:140)
		at org.apache.catalina.filters.CsrfPreventionFilter.doFilter(CsrfPreventionFilter.java:430)
		at org.apache.catalina.core.ApplicationFilterChain.internalDoFilter(ApplicationFilterChain.java:164)
		at org.apache.catalina.core.ApplicationFilterChain.doFilter(ApplicationFilterChain.java:140)
		at org.apache.tomcat.websocket.server.WsFilter.doFilter(WsFilter.java:51)
		at org.apache.catalina.core.ApplicationFilterChain.internalDoFilter(ApplicationFilterChain.java:164)
		at org.apache.catalina.core.ApplicationFilterChain.doFilter(ApplicationFilterChain.java:140)
		at org.apache.catalina.filters.HttpHeaderSecurityFilter.doFilter(HttpHeaderSecurityFilter.java:129)
		at org.apache.catalina.core.ApplicationFilterChain.internalDoFilter(ApplicationFilterChain.java:164)
		at org.apache.catalina.core.ApplicationFilterChain.doFilter(ApplicationFilterChain.java:140)
		at org.apache.catalina.core.StandardWrapperValve.invoke(StandardWrapperValve.java:167)
		at org.apache.catalina.core.StandardContextValve.invoke(StandardContextValve.java:90)
		at org.apache.catalina.authenticator.AuthenticatorBase.invoke(AuthenticatorBase.java:598)
		at org.apache.catalina.valves.RequestFilterValve.process(RequestFilterValve.java:355)
		at org.apache.catalina.valves.RemoteAddrValve.invoke(RemoteAddrValve.java:54)
		at org.apache.catalina.core.StandardHostValve.invoke(StandardHostValve.java:115)
		at org.apache.catalina.valves.ErrorReportValve.invoke(ErrorReportValve.java:93)
		at org.apache.catalina.valves.AbstractAccessLogValve.invoke(AbstractAccessLogValve.java:663)
		at org.apache.catalina.core.StandardEngineValve.invoke(StandardEngineValve.java:74)
		at org.apache.catalina.connector.CoyoteAdapter.service(CoyoteAdapter.java:344)
		at org.apache.coyote.http11.Http11Processor.service(Http11Processor.java:384)
		at org.apache.coyote.AbstractProcessorLight.process(AbstractProcessorLight.java:63)
		at org.apache.coyote.AbstractProtocol$ConnectionHandler.process(AbstractProtocol.java:905)
		at org.apache.tomcat.util.net.NioEndpoint$SocketProcessor.doRun(NioEndpoint.java:1741)
		at org.apache.tomcat.util.net.SocketProcessorBase.run(SocketProcessorBase.java:52)
		at org.apache.tomcat.util.threads.ThreadPoolExecutor.runWorker(ThreadPoolExecutor.java:1190)
		at org.apache.tomcat.util.threads.ThreadPoolExecutor$Worker.run(ThreadPoolExecutor.java:659)
		at org.apache.tomcat.util.threads.TaskThread$WrappingRunnable.run(TaskThread.java:63)
		at java.base/java.lang.Thread.run(Thread.java:1583)
27-Sep-2024 13:59:42.692 SEVERE [http-nio-8080-exec-6] org.apache.catalina.core.StandardContext.listenerStart Error configuring application listener of class [async.AsyncStockContextListener]
	java.lang.ClassNotFoundException: async.AsyncStockContextListener
		at org.apache.catalina.loader.WebappClassLoaderBase.loadClass(WebappClassLoaderBase.java:1332)
		at org.apache.catalina.loader.WebappClassLoaderBase.loadClass(WebappClassLoaderBase.java:1144)
		at org.apache.catalina.core.DefaultInstanceManager.loadClass(DefaultInstanceManager.java:491)
		at org.apache.catalina.core.DefaultInstanceManager.loadClassMaybePrivileged(DefaultInstanceManager.java:473)
		at org.apache.catalina.core.DefaultInstanceManager.newInstance(DefaultInstanceManager.java:143)
		at org.apache.catalina.core.StandardContext.listenerStart(StandardContext.java:3922)
		at org.apache.catalina.core.StandardContext.startInternal(StandardContext.java:4422)
		at org.apache.catalina.util.LifecycleBase.start(LifecycleBase.java:164)
		at org.apache.catalina.manager.ManagerServlet.start(ManagerServlet.java:1283)
		at org.apache.catalina.manager.HTMLManagerServlet.start(HTMLManagerServlet.java:642)
		at org.apache.catalina.manager.HTMLManagerServlet.doPost(HTMLManagerServlet.java:188)
		at jakarta.servlet.http.HttpServlet.service(HttpServlet.java:590)
		at jakarta.servlet.http.HttpServlet.service(HttpServlet.java:658)
		at org.apache.catalina.core.ApplicationFilterChain.internalDoFilter(ApplicationFilterChain.java:195)
		at org.apache.catalina.core.ApplicationFilterChain.doFilter(ApplicationFilterChain.java:140)
		at org.apache.catalina.filters.CsrfPreventionFilter.doFilter(CsrfPreventionFilter.java:430)
		at org.apache.catalina.core.ApplicationFilterChain.internalDoFilter(ApplicationFilterChain.java:164)
		at org.apache.catalina.core.ApplicationFilterChain.doFilter(ApplicationFilterChain.java:140)
		at org.apache.tomcat.websocket.server.WsFilter.doFilter(WsFilter.java:51)
		at org.apache.catalina.core.ApplicationFilterChain.internalDoFilter(ApplicationFilterChain.java:164)
		at org.apache.catalina.core.ApplicationFilterChain.doFilter(ApplicationFilterChain.java:140)
		at org.apache.catalina.filters.HttpHeaderSecurityFilter.doFilter(HttpHeaderSecurityFilter.java:129)
		at org.apache.catalina.core.ApplicationFilterChain.internalDoFilter(ApplicationFilterChain.java:164)
		at org.apache.catalina.core.ApplicationFilterChain.doFilter(ApplicationFilterChain.java:140)
		at org.apache.catalina.core.StandardWrapperValve.invoke(StandardWrapperValve.java:167)
		at org.apache.catalina.core.StandardContextValve.invoke(StandardContextValve.java:90)
		at org.apache.catalina.authenticator.AuthenticatorBase.invoke(AuthenticatorBase.java:598)
		at org.apache.catalina.valves.RequestFilterValve.process(RequestFilterValve.java:355)
		at org.apache.catalina.valves.RemoteAddrValve.invoke(RemoteAddrValve.java:54)
		at org.apache.catalina.core.StandardHostValve.invoke(StandardHostValve.java:115)
		at org.apache.catalina.valves.ErrorReportValve.invoke(ErrorReportValve.java:93)
		at org.apache.catalina.valves.AbstractAccessLogValve.invoke(AbstractAccessLogValve.java:663)
		at org.apache.catalina.core.StandardEngineValve.invoke(StandardEngineValve.java:74)
		at org.apache.catalina.connector.CoyoteAdapter.service(CoyoteAdapter.java:344)
		at org.apache.coyote.http11.Http11Processor.service(Http11Processor.java:384)
		at org.apache.coyote.AbstractProcessorLight.process(AbstractProcessorLight.java:63)
		at org.apache.coyote.AbstractProtocol$ConnectionHandler.process(AbstractProtocol.java:905)
		at org.apache.tomcat.util.net.NioEndpoint$SocketProcessor.doRun(NioEndpoint.java:1741)
		at org.apache.tomcat.util.net.SocketProcessorBase.run(SocketProcessorBase.java:52)
		at org.apache.tomcat.util.threads.ThreadPoolExecutor.runWorker(ThreadPoolExecutor.java:1190)
		at org.apache.tomcat.util.threads.ThreadPoolExecutor$Worker.run(ThreadPoolExecutor.java:659)
		at org.apache.tomcat.util.threads.TaskThread$WrappingRunnable.run(TaskThread.java:63)
		at java.base/java.lang.Thread.run(Thread.java:1583)
27-Sep-2024 13:59:42.692 SEVERE [http-nio-8080-exec-6] org.apache.catalina.core.StandardContext.listenerStart Error configuring application listener of class [websocket.drawboard.DrawboardContextListener]
	java.lang.ClassNotFoundException: websocket.drawboard.DrawboardContextListener
		at org.apache.catalina.loader.WebappClassLoaderBase.loadClass(WebappClassLoaderBase.java:1332)
		at org.apache.catalina.loader.WebappClassLoaderBase.loadClass(WebappClassLoaderBase.java:1144)
		at org.apache.catalina.core.DefaultInstanceManager.loadClass(DefaultInstanceManager.java:491)
		at org.apache.catalina.core.DefaultInstanceManager.loadClassMaybePrivileged(DefaultInstanceManager.java:473)
		at org.apache.catalina.core.DefaultInstanceManager.newInstance(DefaultInstanceManager.java:143)
		at org.apache.catalina.core.StandardContext.listenerStart(StandardContext.java:3922)
		at org.apache.catalina.core.StandardContext.startInternal(StandardContext.java:4422)
		at org.apache.catalina.util.LifecycleBase.start(LifecycleBase.java:164)
		at org.apache.catalina.manager.ManagerServlet.start(ManagerServlet.java:1283)
		at org.apache.catalina.manager.HTMLManagerServlet.start(HTMLManagerServlet.java:642)
		at org.apache.catalina.manager.HTMLManagerServlet.doPost(HTMLManagerServlet.java:188)
		at jakarta.servlet.http.HttpServlet.service(HttpServlet.java:590)
		at jakarta.servlet.http.HttpServlet.service(HttpServlet.java:658)
		at org.apache.catalina.core.ApplicationFilterChain.internalDoFilter(ApplicationFilterChain.java:195)
		at org.apache.catalina.core.ApplicationFilterChain.doFilter(ApplicationFilterChain.java:140)
		at org.apache.catalina.filters.CsrfPreventionFilter.doFilter(CsrfPreventionFilter.java:430)
		at org.apache.catalina.core.ApplicationFilterChain.internalDoFilter(ApplicationFilterChain.java:164)
		at org.apache.catalina.core.ApplicationFilterChain.doFilter(ApplicationFilterChain.java:140)
		at org.apache.tomcat.websocket.server.WsFilter.doFilter(WsFilter.java:51)
		at org.apache.catalina.core.ApplicationFilterChain.internalDoFilter(ApplicationFilterChain.java:164)
		at org.apache.catalina.core.ApplicationFilterChain.doFilter(ApplicationFilterChain.java:140)
		at org.apache.catalina.filters.HttpHeaderSecurityFilter.doFilter(HttpHeaderSecurityFilter.java:129)
		at org.apache.catalina.core.ApplicationFilterChain.internalDoFilter(ApplicationFilterChain.java:164)
		at org.apache.catalina.core.ApplicationFilterChain.doFilter(ApplicationFilterChain.java:140)
		at org.apache.catalina.core.StandardWrapperValve.invoke(StandardWrapperValve.java:167)
		at org.apache.catalina.core.StandardContextValve.invoke(StandardContextValve.java:90)
		at org.apache.catalina.authenticator.AuthenticatorBase.invoke(AuthenticatorBase.java:598)
		at org.apache.catalina.valves.RequestFilterValve.process(RequestFilterValve.java:355)
		at org.apache.catalina.valves.RemoteAddrValve.invoke(RemoteAddrValve.java:54)
		at org.apache.catalina.core.StandardHostValve.invoke(StandardHostValve.java:115)
		at org.apache.catalina.valves.ErrorReportValve.invoke(ErrorReportValve.java:93)
		at org.apache.catalina.valves.AbstractAccessLogValve.invoke(AbstractAccessLogValve.java:663)
		at org.apache.catalina.core.StandardEngineValve.invoke(StandardEngineValve.java:74)
		at org.apache.catalina.connector.CoyoteAdapter.service(CoyoteAdapter.java:344)
		at org.apache.coyote.http11.Http11Processor.service(Http11Processor.java:384)
		at org.apache.coyote.AbstractProcessorLight.process(AbstractProcessorLight.java:63)
		at org.apache.coyote.AbstractProtocol$ConnectionHandler.process(AbstractProtocol.java:905)
		at org.apache.tomcat.util.net.NioEndpoint$SocketProcessor.doRun(NioEndpoint.java:1741)
		at org.apache.tomcat.util.net.SocketProcessorBase.run(SocketProcessorBase.java:52)
		at org.apache.tomcat.util.threads.ThreadPoolExecutor.runWorker(ThreadPoolExecutor.java:1190)
		at org.apache.tomcat.util.threads.ThreadPoolExecutor$Worker.run(ThreadPoolExecutor.java:659)
		at org.apache.tomcat.util.threads.TaskThread$WrappingRunnable.run(TaskThread.java:63)
		at java.base/java.lang.Thread.run(Thread.java:1583)
27-Sep-2024 13:59:42.692 SEVERE [http-nio-8080-exec-6] org.apache.catalina.core.StandardContext.listenerStart Skipped installing application listeners due to previous error(s)
27-Sep-2024 13:59:44.865 SEVERE [http-nio-8080-exec-4] org.apache.catalina.core.StandardContext.listenerStart Error configuring application listener of class [listeners.ContextListener]
	java.lang.ClassNotFoundException: listeners.ContextListener
		at org.apache.catalina.loader.WebappClassLoaderBase.loadClass(WebappClassLoaderBase.java:1332)
		at org.apache.catalina.loader.WebappClassLoaderBase.loadClass(WebappClassLoaderBase.java:1144)
		at org.apache.catalina.core.DefaultInstanceManager.loadClass(DefaultInstanceManager.java:491)
		at org.apache.catalina.core.DefaultInstanceManager.loadClassMaybePrivileged(DefaultInstanceManager.java:473)
		at org.apache.catalina.core.DefaultInstanceManager.newInstance(DefaultInstanceManager.java:143)
		at org.apache.catalina.core.StandardContext.listenerStart(StandardContext.java:3922)
		at org.apache.catalina.core.StandardContext.startInternal(StandardContext.java:4422)
		at org.apache.catalina.util.LifecycleBase.start(LifecycleBase.java:164)
		at org.apache.catalina.manager.ManagerServlet.start(ManagerServlet.java:1283)
		at org.apache.catalina.manager.HTMLManagerServlet.start(HTMLManagerServlet.java:642)
		at org.apache.catalina.manager.HTMLManagerServlet.doPost(HTMLManagerServlet.java:188)
		at jakarta.servlet.http.HttpServlet.service(HttpServlet.java:590)
		at jakarta.servlet.http.HttpServlet.service(HttpServlet.java:658)
		at org.apache.catalina.core.ApplicationFilterChain.internalDoFilter(ApplicationFilterChain.java:195)
		at org.apache.catalina.core.ApplicationFilterChain.doFilter(ApplicationFilterChain.java:140)
		at org.apache.catalina.filters.CsrfPreventionFilter.doFilter(CsrfPreventionFilter.java:430)
		at org.apache.catalina.core.ApplicationFilterChain.internalDoFilter(ApplicationFilterChain.java:164)
		at org.apache.catalina.core.ApplicationFilterChain.doFilter(ApplicationFilterChain.java:140)
		at org.apache.tomcat.websocket.server.WsFilter.doFilter(WsFilter.java:51)
		at org.apache.catalina.core.ApplicationFilterChain.internalDoFilter(ApplicationFilterChain.java:164)
		at org.apache.catalina.core.ApplicationFilterChain.doFilter(ApplicationFilterChain.java:140)
		at org.apache.catalina.filters.HttpHeaderSecurityFilter.doFilter(HttpHeaderSecurityFilter.java:129)
		at org.apache.catalina.core.ApplicationFilterChain.internalDoFilter(ApplicationFilterChain.java:164)
		at org.apache.catalina.core.ApplicationFilterChain.doFilter(ApplicationFilterChain.java:140)
		at org.apache.catalina.core.StandardWrapperValve.invoke(StandardWrapperValve.java:167)
		at org.apache.catalina.core.StandardContextValve.invoke(StandardContextValve.java:90)
		at org.apache.catalina.authenticator.AuthenticatorBase.invoke(AuthenticatorBase.java:598)
		at org.apache.catalina.valves.RequestFilterValve.process(RequestFilterValve.java:355)
		at org.apache.catalina.valves.RemoteAddrValve.invoke(RemoteAddrValve.java:54)
		at org.apache.catalina.core.StandardHostValve.invoke(StandardHostValve.java:115)
		at org.apache.catalina.valves.ErrorReportValve.invoke(ErrorReportValve.java:93)
		at org.apache.catalina.valves.AbstractAccessLogValve.invoke(AbstractAccessLogValve.java:663)
		at org.apache.catalina.core.StandardEngineValve.invoke(StandardEngineValve.java:74)
		at org.apache.catalina.connector.CoyoteAdapter.service(CoyoteAdapter.java:344)
		at org.apache.coyote.http11.Http11Processor.service(Http11Processor.java:384)
		at org.apache.coyote.AbstractProcessorLight.process(AbstractProcessorLight.java:63)
		at org.apache.coyote.AbstractProtocol$ConnectionHandler.process(AbstractProtocol.java:905)
		at org.apache.tomcat.util.net.NioEndpoint$SocketProcessor.doRun(NioEndpoint.java:1741)
		at org.apache.tomcat.util.net.SocketProcessorBase.run(SocketProcessorBase.java:52)
		at org.apache.tomcat.util.threads.ThreadPoolExecutor.runWorker(ThreadPoolExecutor.java:1190)
		at org.apache.tomcat.util.threads.ThreadPoolExecutor$Worker.run(ThreadPoolExecutor.java:659)
		at org.apache.tomcat.util.threads.TaskThread$WrappingRunnable.run(TaskThread.java:63)
		at java.base/java.lang.Thread.run(Thread.java:1583)
27-Sep-2024 13:59:44.865 SEVERE [http-nio-8080-exec-4] org.apache.catalina.core.StandardContext.listenerStart Error configuring application listener of class [listeners.SessionListener]
	java.lang.ClassNotFoundException: listeners.SessionListener
		at org.apache.catalina.loader.WebappClassLoaderBase.loadClass(WebappClassLoaderBase.java:1332)
		at org.apache.catalina.loader.WebappClassLoaderBase.loadClass(WebappClassLoaderBase.java:1144)
		at org.apache.catalina.core.DefaultInstanceManager.loadClass(DefaultInstanceManager.java:491)
		at org.apache.catalina.core.DefaultInstanceManager.loadClassMaybePrivileged(DefaultInstanceManager.java:473)
		at org.apache.catalina.core.DefaultInstanceManager.newInstance(DefaultInstanceManager.java:143)
		at org.apache.catalina.core.StandardContext.listenerStart(StandardContext.java:3922)
		at org.apache.catalina.core.StandardContext.startInternal(StandardContext.java:4422)
		at org.apache.catalina.util.LifecycleBase.start(LifecycleBase.java:164)
		at org.apache.catalina.manager.ManagerServlet.start(ManagerServlet.java:1283)
		at org.apache.catalina.manager.HTMLManagerServlet.start(HTMLManagerServlet.java:642)
		at org.apache.catalina.manager.HTMLManagerServlet.doPost(HTMLManagerServlet.java:188)
		at jakarta.servlet.http.HttpServlet.service(HttpServlet.java:590)
		at jakarta.servlet.http.HttpServlet.service(HttpServlet.java:658)
		at org.apache.catalina.core.ApplicationFilterChain.internalDoFilter(ApplicationFilterChain.java:195)
		at org.apache.catalina.core.ApplicationFilterChain.doFilter(ApplicationFilterChain.java:140)
		at org.apache.catalina.filters.CsrfPreventionFilter.doFilter(CsrfPreventionFilter.java:430)
		at org.apache.catalina.core.ApplicationFilterChain.internalDoFilter(ApplicationFilterChain.java:164)
		at org.apache.catalina.core.ApplicationFilterChain.doFilter(ApplicationFilterChain.java:140)
		at org.apache.tomcat.websocket.server.WsFilter.doFilter(WsFilter.java:51)
		at org.apache.catalina.core.ApplicationFilterChain.internalDoFilter(ApplicationFilterChain.java:164)
		at org.apache.catalina.core.ApplicationFilterChain.doFilter(ApplicationFilterChain.java:140)
		at org.apache.catalina.filters.HttpHeaderSecurityFilter.doFilter(HttpHeaderSecurityFilter.java:129)
		at org.apache.catalina.core.ApplicationFilterChain.internalDoFilter(ApplicationFilterChain.java:164)
		at org.apache.catalina.core.ApplicationFilterChain.doFilter(ApplicationFilterChain.java:140)
		at org.apache.catalina.core.StandardWrapperValve.invoke(StandardWrapperValve.java:167)
		at org.apache.catalina.core.StandardContextValve.invoke(StandardContextValve.java:90)
		at org.apache.catalina.authenticator.AuthenticatorBase.invoke(AuthenticatorBase.java:598)
		at org.apache.catalina.valves.RequestFilterValve.process(RequestFilterValve.java:355)
		at org.apache.catalina.valves.RemoteAddrValve.invoke(RemoteAddrValve.java:54)
		at org.apache.catalina.core.StandardHostValve.invoke(StandardHostValve.java:115)
		at org.apache.catalina.valves.ErrorReportValve.invoke(ErrorReportValve.java:93)
		at org.apache.catalina.valves.AbstractAccessLogValve.invoke(AbstractAccessLogValve.java:663)
		at org.apache.catalina.core.StandardEngineValve.invoke(StandardEngineValve.java:74)
		at org.apache.catalina.connector.CoyoteAdapter.service(CoyoteAdapter.java:344)
		at org.apache.coyote.http11.Http11Processor.service(Http11Processor.java:384)
		at org.apache.coyote.AbstractProcessorLight.process(AbstractProcessorLight.java:63)
		at org.apache.coyote.AbstractProtocol$ConnectionHandler.process(AbstractProtocol.java:905)
		at org.apache.tomcat.util.net.NioEndpoint$SocketProcessor.doRun(NioEndpoint.java:1741)
		at org.apache.tomcat.util.net.SocketProcessorBase.run(SocketProcessorBase.java:52)
		at org.apache.tomcat.util.threads.ThreadPoolExecutor.runWorker(ThreadPoolExecutor.java:1190)
		at org.apache.tomcat.util.threads.ThreadPoolExecutor$Worker.run(ThreadPoolExecutor.java:659)
		at org.apache.tomcat.util.threads.TaskThread$WrappingRunnable.run(TaskThread.java:63)
		at java.base/java.lang.Thread.run(Thread.java:1583)
27-Sep-2024 13:59:44.865 SEVERE [http-nio-8080-exec-4] org.apache.catalina.core.StandardContext.listenerStart Error configuring application listener of class [async.AsyncStockContextListener]
	java.lang.ClassNotFoundException: async.AsyncStockContextListener
		at org.apache.catalina.loader.WebappClassLoaderBase.loadClass(WebappClassLoaderBase.java:1332)
		at org.apache.catalina.loader.WebappClassLoaderBase.loadClass(WebappClassLoaderBase.java:1144)
		at org.apache.catalina.core.DefaultInstanceManager.loadClass(DefaultInstanceManager.java:491)
		at org.apache.catalina.core.DefaultInstanceManager.loadClassMaybePrivileged(DefaultInstanceManager.java:473)
		at org.apache.catalina.core.DefaultInstanceManager.newInstance(DefaultInstanceManager.java:143)
		at org.apache.catalina.core.StandardContext.listenerStart(StandardContext.java:3922)
		at org.apache.catalina.core.StandardContext.startInternal(StandardContext.java:4422)
		at org.apache.catalina.util.LifecycleBase.start(LifecycleBase.java:164)
		at org.apache.catalina.manager.ManagerServlet.start(ManagerServlet.java:1283)
		at org.apache.catalina.manager.HTMLManagerServlet.start(HTMLManagerServlet.java:642)
		at org.apache.catalina.manager.HTMLManagerServlet.doPost(HTMLManagerServlet.java:188)
		at jakarta.servlet.http.HttpServlet.service(HttpServlet.java:590)
		at jakarta.servlet.http.HttpServlet.service(HttpServlet.java:658)
		at org.apache.catalina.core.ApplicationFilterChain.internalDoFilter(ApplicationFilterChain.java:195)
		at org.apache.catalina.core.ApplicationFilterChain.doFilter(ApplicationFilterChain.java:140)
		at org.apache.catalina.filters.CsrfPreventionFilter.doFilter(CsrfPreventionFilter.java:430)
		at org.apache.catalina.core.ApplicationFilterChain.internalDoFilter(ApplicationFilterChain.java:164)
		at org.apache.catalina.core.ApplicationFilterChain.doFilter(ApplicationFilterChain.java:140)
		at org.apache.tomcat.websocket.server.WsFilter.doFilter(WsFilter.java:51)
		at org.apache.catalina.core.ApplicationFilterChain.internalDoFilter(ApplicationFilterChain.java:164)
		at org.apache.catalina.core.ApplicationFilterChain.doFilter(ApplicationFilterChain.java:140)
		at org.apache.catalina.filters.HttpHeaderSecurityFilter.doFilter(HttpHeaderSecurityFilter.java:129)
		at org.apache.catalina.core.ApplicationFilterChain.internalDoFilter(ApplicationFilterChain.java:164)
		at org.apache.catalina.core.ApplicationFilterChain.doFilter(ApplicationFilterChain.java:140)
		at org.apache.catalina.core.StandardWrapperValve.invoke(StandardWrapperValve.java:167)
		at org.apache.catalina.core.StandardContextValve.invoke(StandardContextValve.java:90)
		at org.apache.catalina.authenticator.AuthenticatorBase.invoke(AuthenticatorBase.java:598)
		at org.apache.catalina.valves.RequestFilterValve.process(RequestFilterValve.java:355)
		at org.apache.catalina.valves.RemoteAddrValve.invoke(RemoteAddrValve.java:54)
		at org.apache.catalina.core.StandardHostValve.invoke(StandardHostValve.java:115)
		at org.apache.catalina.valves.ErrorReportValve.invoke(ErrorReportValve.java:93)
		at org.apache.catalina.valves.AbstractAccessLogValve.invoke(AbstractAccessLogValve.java:663)
		at org.apache.catalina.core.StandardEngineValve.invoke(StandardEngineValve.java:74)
		at org.apache.catalina.connector.CoyoteAdapter.service(CoyoteAdapter.java:344)
		at org.apache.coyote.http11.Http11Processor.service(Http11Processor.java:384)
		at org.apache.coyote.AbstractProcessorLight.process(AbstractProcessorLight.java:63)
		at org.apache.coyote.AbstractProtocol$ConnectionHandler.process(AbstractProtocol.java:905)
		at org.apache.tomcat.util.net.NioEndpoint$SocketProcessor.doRun(NioEndpoint.java:1741)
		at org.apache.tomcat.util.net.SocketProcessorBase.run(SocketProcessorBase.java:52)
		at org.apache.tomcat.util.threads.ThreadPoolExecutor.runWorker(ThreadPoolExecutor.java:1190)
		at org.apache.tomcat.util.threads.ThreadPoolExecutor$Worker.run(ThreadPoolExecutor.java:659)
		at org.apache.tomcat.util.threads.TaskThread$WrappingRunnable.run(TaskThread.java:63)
		at java.base/java.lang.Thread.run(Thread.java:1583)
27-Sep-2024 13:59:44.865 SEVERE [http-nio-8080-exec-4] org.apache.catalina.core.StandardContext.listenerStart Error configuring application listener of class [websocket.drawboard.DrawboardContextListener]
	java.lang.ClassNotFoundException: websocket.drawboard.DrawboardContextListener
		at org.apache.catalina.loader.WebappClassLoaderBase.loadClass(WebappClassLoaderBase.java:1332)
		at org.apache.catalina.loader.WebappClassLoaderBase.loadClass(WebappClassLoaderBase.java:1144)
		at org.apache.catalina.core.DefaultInstanceManager.loadClass(DefaultInstanceManager.java:491)
		at org.apache.catalina.core.DefaultInstanceManager.loadClassMaybePrivileged(DefaultInstanceManager.java:473)
		at org.apache.catalina.core.DefaultInstanceManager.newInstance(DefaultInstanceManager.java:143)
		at org.apache.catalina.core.StandardContext.listenerStart(StandardContext.java:3922)
		at org.apache.catalina.core.StandardContext.startInternal(StandardContext.java:4422)
		at org.apache.catalina.util.LifecycleBase.start(LifecycleBase.java:164)
		at org.apache.catalina.manager.ManagerServlet.start(ManagerServlet.java:1283)
		at org.apache.catalina.manager.HTMLManagerServlet.start(HTMLManagerServlet.java:642)
		at org.apache.catalina.manager.HTMLManagerServlet.doPost(HTMLManagerServlet.java:188)
		at jakarta.servlet.http.HttpServlet.service(HttpServlet.java:590)
		at jakarta.servlet.http.HttpServlet.service(HttpServlet.java:658)
		at org.apache.catalina.core.ApplicationFilterChain.internalDoFilter(ApplicationFilterChain.java:195)
		at org.apache.catalina.core.ApplicationFilterChain.doFilter(ApplicationFilterChain.java:140)
		at org.apache.catalina.filters.CsrfPreventionFilter.doFilter(CsrfPreventionFilter.java:430)
		at org.apache.catalina.core.ApplicationFilterChain.internalDoFilter(ApplicationFilterChain.java:164)
		at org.apache.catalina.core.ApplicationFilterChain.doFilter(ApplicationFilterChain.java:140)
		at org.apache.tomcat.websocket.server.WsFilter.doFilter(WsFilter.java:51)
		at org.apache.catalina.core.ApplicationFilterChain.internalDoFilter(ApplicationFilterChain.java:164)
		at org.apache.catalina.core.ApplicationFilterChain.doFilter(ApplicationFilterChain.java:140)
		at org.apache.catalina.filters.HttpHeaderSecurityFilter.doFilter(HttpHeaderSecurityFilter.java:129)
		at org.apache.catalina.core.ApplicationFilterChain.internalDoFilter(ApplicationFilterChain.java:164)
		at org.apache.catalina.core.ApplicationFilterChain.doFilter(ApplicationFilterChain.java:140)
		at org.apache.catalina.core.StandardWrapperValve.invoke(StandardWrapperValve.java:167)
		at org.apache.catalina.core.StandardContextValve.invoke(StandardContextValve.java:90)
		at org.apache.catalina.authenticator.AuthenticatorBase.invoke(AuthenticatorBase.java:598)
		at org.apache.catalina.valves.RequestFilterValve.process(RequestFilterValve.java:355)
		at org.apache.catalina.valves.RemoteAddrValve.invoke(RemoteAddrValve.java:54)
		at org.apache.catalina.core.StandardHostValve.invoke(StandardHostValve.java:115)
		at org.apache.catalina.valves.ErrorReportValve.invoke(ErrorReportValve.java:93)
		at org.apache.catalina.valves.AbstractAccessLogValve.invoke(AbstractAccessLogValve.java:663)
		at org.apache.catalina.core.StandardEngineValve.invoke(StandardEngineValve.java:74)
		at org.apache.catalina.connector.CoyoteAdapter.service(CoyoteAdapter.java:344)
		at org.apache.coyote.http11.Http11Processor.service(Http11Processor.java:384)
		at org.apache.coyote.AbstractProcessorLight.process(AbstractProcessorLight.java:63)
		at org.apache.coyote.AbstractProtocol$ConnectionHandler.process(AbstractProtocol.java:905)
		at org.apache.tomcat.util.net.NioEndpoint$SocketProcessor.doRun(NioEndpoint.java:1741)
		at org.apache.tomcat.util.net.SocketProcessorBase.run(SocketProcessorBase.java:52)
		at org.apache.tomcat.util.threads.ThreadPoolExecutor.runWorker(ThreadPoolExecutor.java:1190)
		at org.apache.tomcat.util.threads.ThreadPoolExecutor$Worker.run(ThreadPoolExecutor.java:659)
		at org.apache.tomcat.util.threads.TaskThread$WrappingRunnable.run(TaskThread.java:63)
		at java.base/java.lang.Thread.run(Thread.java:1583)
27-Sep-2024 13:59:44.865 SEVERE [http-nio-8080-exec-4] org.apache.catalina.core.StandardContext.listenerStart Skipped installing application listeners due to previous error(s)
27-Sep-2024 14:12:26.920 INFO [main] org.apache.catalina.core.ApplicationContext.log SessionListener: contextDestroyed()
27-Sep-2024 14:12:26.920 INFO [main] org.apache.catalina.core.ApplicationContext.log ContextListener: contextDestroyed()
27-Sep-2024 15:56:53.092 INFO [main] org.apache.catalina.core.ApplicationContext.log ContextListener: contextInitialized()
27-Sep-2024 15:56:53.092 INFO [main] org.apache.catalina.core.ApplicationContext.log SessionListener: contextInitialized()
27-Sep-2024 15:56:53.093 INFO [main] org.apache.catalina.core.ApplicationContext.log ContextListener: attributeAdded('StockTicker', 'async.Stockticker@277f7dd3')
27-Sep-2024 15:56:53.122 SEVERE [main] org.apache.catalina.core.StandardContext.listenerStart Error configuring application listener of class [listeners.ContextListener]
	java.lang.ClassNotFoundException: listeners.ContextListener
		at org.apache.catalina.loader.WebappClassLoaderBase.loadClass(WebappClassLoaderBase.java:1332)
		at org.apache.catalina.loader.WebappClassLoaderBase.loadClass(WebappClassLoaderBase.java:1144)
		at org.apache.catalina.core.DefaultInstanceManager.loadClass(DefaultInstanceManager.java:491)
		at org.apache.catalina.core.DefaultInstanceManager.loadClassMaybePrivileged(DefaultInstanceManager.java:473)
		at org.apache.catalina.core.DefaultInstanceManager.newInstance(DefaultInstanceManager.java:143)
		at org.apache.catalina.core.StandardContext.listenerStart(StandardContext.java:3922)
		at org.apache.catalina.core.StandardContext.startInternal(StandardContext.java:4422)
		at org.apache.catalina.util.LifecycleBase.start(LifecycleBase.java:164)
		at org.apache.catalina.core.ContainerBase.addChildInternal(ContainerBase.java:599)
		at org.apache.catalina.core.ContainerBase.addChild(ContainerBase.java:571)
		at org.apache.catalina.core.StandardHost.addChild(StandardHost.java:654)
		at org.apache.catalina.startup.HostConfig.deployDirectory(HostConfig.java:1130)
		at org.apache.catalina.startup.HostConfig$DeployDirectory.run(HostConfig.java:1933)
		at java.base/java.util.concurrent.Executors$RunnableAdapter.call(Executors.java:572)
		at java.base/java.util.concurrent.FutureTask.run(FutureTask.java:317)
		at org.apache.tomcat.util.threads.InlineExecutorService.execute(InlineExecutorService.java:75)
		at java.base/java.util.concurrent.AbstractExecutorService.submit(AbstractExecutorService.java:123)
		at org.apache.catalina.startup.HostConfig.deployDirectories(HostConfig.java:1041)
		at org.apache.catalina.startup.HostConfig.deployApps(HostConfig.java:425)
		at org.apache.catalina.startup.HostConfig.start(HostConfig.java:1629)
		at org.apache.catalina.startup.HostConfig.lifecycleEvent(HostConfig.java:303)
		at org.apache.catalina.util.LifecycleBase.fireLifecycleEvent(LifecycleBase.java:109)
		at org.apache.catalina.util.LifecycleBase.setStateInternal(LifecycleBase.java:385)
		at org.apache.catalina.util.LifecycleBase.setState(LifecycleBase.java:332)
		at org.apache.catalina.core.ContainerBase.startInternal(ContainerBase.java:776)
		at org.apache.catalina.core.StandardHost.startInternal(StandardHost.java:772)
		at org.apache.catalina.util.LifecycleBase.start(LifecycleBase.java:164)
		at org.apache.catalina.core.ContainerBase$StartChild.call(ContainerBase.java:1203)
		at org.apache.catalina.core.ContainerBase$StartChild.call(ContainerBase.java:1193)
		at java.base/java.util.concurrent.FutureTask.run(FutureTask.java:317)
		at org.apache.tomcat.util.threads.InlineExecutorService.execute(InlineExecutorService.java:75)
		at java.base/java.util.concurrent.AbstractExecutorService.submit(AbstractExecutorService.java:145)
		at org.apache.catalina.core.ContainerBase.startInternal(ContainerBase.java:749)
		at org.apache.catalina.core.StandardEngine.startInternal(StandardEngine.java:203)
		at org.apache.catalina.util.LifecycleBase.start(LifecycleBase.java:164)
		at org.apache.catalina.core.StandardService.startInternal(StandardService.java:415)
		at org.apache.catalina.util.LifecycleBase.start(LifecycleBase.java:164)
		at org.apache.catalina.core.StandardServer.startInternal(StandardServer.java:870)
		at org.apache.catalina.util.LifecycleBase.start(LifecycleBase.java:164)
		at org.apache.catalina.startup.Catalina.start(Catalina.java:757)
		at java.base/jdk.internal.reflect.DirectMethodHandleAccessor.invoke(DirectMethodHandleAccessor.java:103)
		at java.base/java.lang.reflect.Method.invoke(Method.java:580)
		at org.apache.catalina.startup.Bootstrap.start(Bootstrap.java:345)
		at org.apache.catalina.startup.Bootstrap.main(Bootstrap.java:473)
27-Sep-2024 15:56:53.122 SEVERE [main] org.apache.catalina.core.StandardContext.listenerStart Error configuring application listener of class [listeners.SessionListener]
	java.lang.ClassNotFoundException: listeners.SessionListener
		at org.apache.catalina.loader.WebappClassLoaderBase.loadClass(WebappClassLoaderBase.java:1332)
		at org.apache.catalina.loader.WebappClassLoaderBase.loadClass(WebappClassLoaderBase.java:1144)
		at org.apache.catalina.core.DefaultInstanceManager.loadClass(DefaultInstanceManager.java:491)
		at org.apache.catalina.core.DefaultInstanceManager.loadClassMaybePrivileged(DefaultInstanceManager.java:473)
		at org.apache.catalina.core.DefaultInstanceManager.newInstance(DefaultInstanceManager.java:143)
		at org.apache.catalina.core.StandardContext.listenerStart(StandardContext.java:3922)
		at org.apache.catalina.core.StandardContext.startInternal(StandardContext.java:4422)
		at org.apache.catalina.util.LifecycleBase.start(LifecycleBase.java:164)
		at org.apache.catalina.core.ContainerBase.addChildInternal(ContainerBase.java:599)
		at org.apache.catalina.core.ContainerBase.addChild(ContainerBase.java:571)
		at org.apache.catalina.core.StandardHost.addChild(StandardHost.java:654)
		at org.apache.catalina.startup.HostConfig.deployDirectory(HostConfig.java:1130)
		at org.apache.catalina.startup.HostConfig$DeployDirectory.run(HostConfig.java:1933)
		at java.base/java.util.concurrent.Executors$RunnableAdapter.call(Executors.java:572)
		at java.base/java.util.concurrent.FutureTask.run(FutureTask.java:317)
		at org.apache.tomcat.util.threads.InlineExecutorService.execute(InlineExecutorService.java:75)
		at java.base/java.util.concurrent.AbstractExecutorService.submit(AbstractExecutorService.java:123)
		at org.apache.catalina.startup.HostConfig.deployDirectories(HostConfig.java:1041)
		at org.apache.catalina.startup.HostConfig.deployApps(HostConfig.java:425)
		at org.apache.catalina.startup.HostConfig.start(HostConfig.java:1629)
		at org.apache.catalina.startup.HostConfig.lifecycleEvent(HostConfig.java:303)
		at org.apache.catalina.util.LifecycleBase.fireLifecycleEvent(LifecycleBase.java:109)
		at org.apache.catalina.util.LifecycleBase.setStateInternal(LifecycleBase.java:385)
		at org.apache.catalina.util.LifecycleBase.setState(LifecycleBase.java:332)
		at org.apache.catalina.core.ContainerBase.startInternal(ContainerBase.java:776)
		at org.apache.catalina.core.StandardHost.startInternal(StandardHost.java:772)
		at org.apache.catalina.util.LifecycleBase.start(LifecycleBase.java:164)
		at org.apache.catalina.core.ContainerBase$StartChild.call(ContainerBase.java:1203)
		at org.apache.catalina.core.ContainerBase$StartChild.call(ContainerBase.java:1193)
		at java.base/java.util.concurrent.FutureTask.run(FutureTask.java:317)
		at org.apache.tomcat.util.threads.InlineExecutorService.execute(InlineExecutorService.java:75)
		at java.base/java.util.concurrent.AbstractExecutorService.submit(AbstractExecutorService.java:145)
		at org.apache.catalina.core.ContainerBase.startInternal(ContainerBase.java:749)
		at org.apache.catalina.core.StandardEngine.startInternal(StandardEngine.java:203)
		at org.apache.catalina.util.LifecycleBase.start(LifecycleBase.java:164)
		at org.apache.catalina.core.StandardService.startInternal(StandardService.java:415)
		at org.apache.catalina.util.LifecycleBase.start(LifecycleBase.java:164)
		at org.apache.catalina.core.StandardServer.startInternal(StandardServer.java:870)
		at org.apache.catalina.util.LifecycleBase.start(LifecycleBase.java:164)
		at org.apache.catalina.startup.Catalina.start(Catalina.java:757)
		at java.base/jdk.internal.reflect.DirectMethodHandleAccessor.invoke(DirectMethodHandleAccessor.java:103)
		at java.base/java.lang.reflect.Method.invoke(Method.java:580)
		at org.apache.catalina.startup.Bootstrap.start(Bootstrap.java:345)
		at org.apache.catalina.startup.Bootstrap.main(Bootstrap.java:473)
27-Sep-2024 15:56:53.122 SEVERE [main] org.apache.catalina.core.StandardContext.listenerStart Error configuring application listener of class [async.AsyncStockContextListener]
	java.lang.ClassNotFoundException: async.AsyncStockContextListener
		at org.apache.catalina.loader.WebappClassLoaderBase.loadClass(WebappClassLoaderBase.java:1332)
		at org.apache.catalina.loader.WebappClassLoaderBase.loadClass(WebappClassLoaderBase.java:1144)
		at org.apache.catalina.core.DefaultInstanceManager.loadClass(DefaultInstanceManager.java:491)
		at org.apache.catalina.core.DefaultInstanceManager.loadClassMaybePrivileged(DefaultInstanceManager.java:473)
		at org.apache.catalina.core.DefaultInstanceManager.newInstance(DefaultInstanceManager.java:143)
		at org.apache.catalina.core.StandardContext.listenerStart(StandardContext.java:3922)
		at org.apache.catalina.core.StandardContext.startInternal(StandardContext.java:4422)
		at org.apache.catalina.util.LifecycleBase.start(LifecycleBase.java:164)
		at org.apache.catalina.core.ContainerBase.addChildInternal(ContainerBase.java:599)
		at org.apache.catalina.core.ContainerBase.addChild(ContainerBase.java:571)
		at org.apache.catalina.core.StandardHost.addChild(StandardHost.java:654)
		at org.apache.catalina.startup.HostConfig.deployDirectory(HostConfig.java:1130)
		at org.apache.catalina.startup.HostConfig$DeployDirectory.run(HostConfig.java:1933)
		at java.base/java.util.concurrent.Executors$RunnableAdapter.call(Executors.java:572)
		at java.base/java.util.concurrent.FutureTask.run(FutureTask.java:317)
		at org.apache.tomcat.util.threads.InlineExecutorService.execute(InlineExecutorService.java:75)
		at java.base/java.util.concurrent.AbstractExecutorService.submit(AbstractExecutorService.java:123)
		at org.apache.catalina.startup.HostConfig.deployDirectories(HostConfig.java:1041)
		at org.apache.catalina.startup.HostConfig.deployApps(HostConfig.java:425)
		at org.apache.catalina.startup.HostConfig.start(HostConfig.java:1629)
		at org.apache.catalina.startup.HostConfig.lifecycleEvent(HostConfig.java:303)
		at org.apache.catalina.util.LifecycleBase.fireLifecycleEvent(LifecycleBase.java:109)
		at org.apache.catalina.util.LifecycleBase.setStateInternal(LifecycleBase.java:385)
		at org.apache.catalina.util.LifecycleBase.setState(LifecycleBase.java:332)
		at org.apache.catalina.core.ContainerBase.startInternal(ContainerBase.java:776)
		at org.apache.catalina.core.StandardHost.startInternal(StandardHost.java:772)
		at org.apache.catalina.util.LifecycleBase.start(LifecycleBase.java:164)
		at org.apache.catalina.core.ContainerBase$StartChild.call(ContainerBase.java:1203)
		at org.apache.catalina.core.ContainerBase$StartChild.call(ContainerBase.java:1193)
		at java.base/java.util.concurrent.FutureTask.run(FutureTask.java:317)
		at org.apache.tomcat.util.threads.InlineExecutorService.execute(InlineExecutorService.java:75)
		at java.base/java.util.concurrent.AbstractExecutorService.submit(AbstractExecutorService.java:145)
		at org.apache.catalina.core.ContainerBase.startInternal(ContainerBase.java:749)
		at org.apache.catalina.core.StandardEngine.startInternal(StandardEngine.java:203)
		at org.apache.catalina.util.LifecycleBase.start(LifecycleBase.java:164)
		at org.apache.catalina.core.StandardService.startInternal(StandardService.java:415)
		at org.apache.catalina.util.LifecycleBase.start(LifecycleBase.java:164)
		at org.apache.catalina.core.StandardServer.startInternal(StandardServer.java:870)
		at org.apache.catalina.util.LifecycleBase.start(LifecycleBase.java:164)
		at org.apache.catalina.startup.Catalina.start(Catalina.java:757)
		at java.base/jdk.internal.reflect.DirectMethodHandleAccessor.invoke(DirectMethodHandleAccessor.java:103)
		at java.base/java.lang.reflect.Method.invoke(Method.java:580)
		at org.apache.catalina.startup.Bootstrap.start(Bootstrap.java:345)
		at org.apache.catalina.startup.Bootstrap.main(Bootstrap.java:473)
27-Sep-2024 15:56:53.122 SEVERE [main] org.apache.catalina.core.StandardContext.listenerStart Error configuring application listener of class [websocket.drawboard.DrawboardContextListener]
	java.lang.ClassNotFoundException: websocket.drawboard.DrawboardContextListener
		at org.apache.catalina.loader.WebappClassLoaderBase.loadClass(WebappClassLoaderBase.java:1332)
		at org.apache.catalina.loader.WebappClassLoaderBase.loadClass(WebappClassLoaderBase.java:1144)
		at org.apache.catalina.core.DefaultInstanceManager.loadClass(DefaultInstanceManager.java:491)
		at org.apache.catalina.core.DefaultInstanceManager.loadClassMaybePrivileged(DefaultInstanceManager.java:473)
		at org.apache.catalina.core.DefaultInstanceManager.newInstance(DefaultInstanceManager.java:143)
		at org.apache.catalina.core.StandardContext.listenerStart(StandardContext.java:3922)
		at org.apache.catalina.core.StandardContext.startInternal(StandardContext.java:4422)
		at org.apache.catalina.util.LifecycleBase.start(LifecycleBase.java:164)
		at org.apache.catalina.core.ContainerBase.addChildInternal(ContainerBase.java:599)
		at org.apache.catalina.core.ContainerBase.addChild(ContainerBase.java:571)
		at org.apache.catalina.core.StandardHost.addChild(StandardHost.java:654)
		at org.apache.catalina.startup.HostConfig.deployDirectory(HostConfig.java:1130)
		at org.apache.catalina.startup.HostConfig$DeployDirectory.run(HostConfig.java:1933)
		at java.base/java.util.concurrent.Executors$RunnableAdapter.call(Executors.java:572)
		at java.base/java.util.concurrent.FutureTask.run(FutureTask.java:317)
		at org.apache.tomcat.util.threads.InlineExecutorService.execute(InlineExecutorService.java:75)
		at java.base/java.util.concurrent.AbstractExecutorService.submit(AbstractExecutorService.java:123)
		at org.apache.catalina.startup.HostConfig.deployDirectories(HostConfig.java:1041)
		at org.apache.catalina.startup.HostConfig.deployApps(HostConfig.java:425)
		at org.apache.catalina.startup.HostConfig.start(HostConfig.java:1629)
		at org.apache.catalina.startup.HostConfig.lifecycleEvent(HostConfig.java:303)
		at org.apache.catalina.util.LifecycleBase.fireLifecycleEvent(LifecycleBase.java:109)
		at org.apache.catalina.util.LifecycleBase.setStateInternal(LifecycleBase.java:385)
		at org.apache.catalina.util.LifecycleBase.setState(LifecycleBase.java:332)
		at org.apache.catalina.core.ContainerBase.startInternal(ContainerBase.java:776)
		at org.apache.catalina.core.StandardHost.startInternal(StandardHost.java:772)
		at org.apache.catalina.util.LifecycleBase.start(LifecycleBase.java:164)
		at org.apache.catalina.core.ContainerBase$StartChild.call(ContainerBase.java:1203)
		at org.apache.catalina.core.ContainerBase$StartChild.call(ContainerBase.java:1193)
		at java.base/java.util.concurrent.FutureTask.run(FutureTask.java:317)
		at org.apache.tomcat.util.threads.InlineExecutorService.execute(InlineExecutorService.java:75)
		at java.base/java.util.concurrent.AbstractExecutorService.submit(AbstractExecutorService.java:145)
		at org.apache.catalina.core.ContainerBase.startInternal(ContainerBase.java:749)
		at org.apache.catalina.core.StandardEngine.startInternal(StandardEngine.java:203)
		at org.apache.catalina.util.LifecycleBase.start(LifecycleBase.java:164)
		at org.apache.catalina.core.StandardService.startInternal(StandardService.java:415)
		at org.apache.catalina.util.LifecycleBase.start(LifecycleBase.java:164)
		at org.apache.catalina.core.StandardServer.startInternal(StandardServer.java:870)
		at org.apache.catalina.util.LifecycleBase.start(LifecycleBase.java:164)
		at org.apache.catalina.startup.Catalina.start(Catalina.java:757)
		at java.base/jdk.internal.reflect.DirectMethodHandleAccessor.invoke(DirectMethodHandleAccessor.java:103)
		at java.base/java.lang.reflect.Method.invoke(Method.java:580)
		at org.apache.catalina.startup.Bootstrap.start(Bootstrap.java:345)
		at org.apache.catalina.startup.Bootstrap.main(Bootstrap.java:473)
27-Sep-2024 15:56:53.123 SEVERE [main] org.apache.catalina.core.StandardContext.listenerStart Skipped installing application listeners due to previous error(s)
27-Sep-2024 15:57:08.535 INFO [main] org.apache.catalina.core.ApplicationContext.log SessionListener: contextDestroyed()
27-Sep-2024 15:57:08.535 INFO [main] org.apache.catalina.core.ApplicationContext.log ContextListener: contextDestroyed()
